,Site_EUI,pos,,,,,,,,,
0,86," -71.0583413926925,42.35855145",,,,,,,,,
1,82.5," -71.0467082,42.3543649",,,,,,,,,
2,60.8," -71.0541072,42.3541385",,,,,,,,,
3,95.7," -71.0741246,42.348456",,,,,,,,,
4,43.7," -71.0726813636364,42.3502073636364",,,,,,,,,
5,79.7," -71.063411,42.375932",,,,,,,,,
6,62.2," -71.0538039,42.3567772",,,,,,,,,
7,0," -71.0595677,42.3604823",,,,,,,,,
8,0," -71.0595677,42.3604823",,,,,,,,,
9,0," -71.0515721454546,42.3545770181818",,,,,,,,,
10,64.3," -71.0553778712356,42.3586608",,,,,,,,,
11,41.5," -71.0568667244972,42.3571774",,,,,,,,,
12,0," -71.063398,42.364341",,,,,,,,,
13,78.3," -71.0574159142114,42.35384315",,,,,,,,,
14,65.6," -71.0576746936166,42.3533962397649",,,,,,,,,
15,76.1," -71.05745065,42.35933905",,,,,,,,,
16,79.7," -71.0548150333333,42.3593455666667",,,,,,,,,
17,71.8," -71.0551194476058,42.356809",,,,,,,,,
18,100.8," -71.053918510129,42.3560992",,,,,,,,,
19,0," -71.0550633101526,42.3543741559122",,,,,,,,,
20,61," -71.0561404594595,42.3542358378378",,,,,,,,,
21,108," -71.0836626,42.3467642",,,,,,,,,
22,68.9," -71.125360033557,42.3663826006711",,,,,,,,,
23,62.9," -71.1254441632653,42.3662225714286",,,,,,,,,
24,64.7," -71.1254253877551,42.3662118571429",,,,,,,,,
25,49," -71.1254366530612,42.3662182857143",,,,,,,,,
26,71.1," -71.1299528,42.3726874",,,,,,,,,
27,82.1," -71.1254629387755,42.3662332857143",,,,,,,,,
28,112.7," -71.124972,42.366879",,,,,,,,,
29,105.4," -71.1253631208054,42.3663843624161",,,,,,,,,
30,41.8," -71.1253581812081,42.3663815436242",,,,,,,,,
31,65.7," -71.1254479183673,42.3662247142857",,,,,,,,,
32,56.4," -71.1254328979592,42.3662161428571",,,,,,,,,
33,104.9," -71.1253643557047,42.3663850671141",,,,,,,,,
34,40.1," -71.125367442953,42.3663868288591",,,,,,,,,
35,59.2," -71.1253662080537,42.3663861241611",,,,,,,,,
36,78.2," -71.1299528,42.3726874",,,,,,,,,
37,52.2," -71.120862,42.36765",,,,,,,,,
38,74.7," -71.1254404081633,42.3662204285714",,,,,,,,,
39,91.5," -71.1253612684564,42.3663833053691",,,,,,,,,
40,53.7," -71.1253705302013,42.366388590604",,,,,,,,,
41,36.7," -71.1299528,42.3726874",,,,,,,,,
42,83.2," -71.1254216326531,42.3662097142857",,,,,,,,,
43,69.6," -71.1254216326531,42.3662097142857",,,,,,,,,
44,58.5," -71.1254817142857,42.366244",,,,,,,,,
45,49.1," -71.125369295302,42.366387885906",,,,,,,,,
46,129.8," -71.12501,42.3668415",,,,,,,,,
47,70.5," -71.1209590482294,42.367654658315",,,,,,,,,
48,122.7," -71.1218334274366,42.3639341639208",,,,,,,,,
49,87," -71.124756,42.367098",,,,,,,,,
50,69.8," -71.1299528,42.3726874",,,,,,,,,
51,67.8," -71.1470194,42.3616533",,,,,,,,,
52,60.3," -71.100532,42.341365",,,,,,,,,
53,105.8," -71.1058694,42.3382806",,,,,,,,,
54,75.9," -71.0610399581036,42.35784935",,,,,,,,,
55,88.2," -71.0926912,42.3469348",,,,,,,,,
56,103," -71.0608233840525,42.3584467",,,,,,,,,
57,88.5," -71.0564056,42.35184",,,,,,,,,
58,61.4," -71.0573759,42.3569451",,,,,,,,,
59,69.9," -71.1194403487876,42.36464035",,,,,,,,,
60,69," -71.0706596,42.35087",,,,,,,,,
61,186.5," -71.0369035,42.3355165",,,,,,,,,
62,205.2," -71.1302824,42.2978789",,,,,,,,,
63,194.8," -71.0482741111111,42.2913612222222",,,,,,,,,
64,112," -71.0825050630347,42.34715695",,,,,,,,,
65,75.5," -71.0814678462404,42.3464814",,,,,,,,,
66,75.3," -71.0808573623708,42.34693945",,,,,,,,,
67,219.8," -71.1376273,42.3613215",,,,,,,,,
68,287.8," -71.1648826734694,42.2773090612245",,,,,,,,,
69,274.8," -71.1244465262236,42.2541968790447",,,,,,,,,
70,265.2," -71.040094364486,42.378114",,,,,,,,,
71,299.6," -71.12355746992,42.35272265",,,,,,,,,
72,295.1," -71.1188698655819,42.2700142054367",,,,,,,,,
73,289.7," -71.0696937267523,42.2724524547569",,,,,,,,,
74,58.2," -71.0560738212977,42.35834895",,,,,,,,,
75,63.4," -71.0691091,42.3523029",,,,,,,,,
76,47.3," -71.0704494481283,42.3505626",,,,,,,,,
77,0," -71.0513120612245,42.3596133469388",,,,,,,,,
78,63," -71.041022,42.349562",,,,,,,,,
79,72.1," -71.0541072,42.3541385",,,,,,,,,
80,52.8," -71.0563897411812,42.35240955",,,,,,,,,
81,70.6," -71.0424994,42.3502312",,,,,,,,,
82,72.4," -71.0525505655674,42.3558491",,,,,,,,,
83,73.4," -71.058545,42.355056",,,,,,,,,
84,370.8," -71.1077670204082,42.3388550612245",,,,,,,,,
85,125.5," -71.0510155,42.3506088",,,,,,,,,
86,107.4," -71.1430464514171,42.36261825",,,,,,,,,
87,79.4," -71.0518872022475,42.3563268",,,,,,,,,
88,176.9," -71.0543986666667,42.3585145555556",,,,,,,,,
89,86.2," -71.0926912,42.3469348",,,,,,,,,
90,50.6," -71.0586188588235,42.3503946764706",,,,,,,,,
91,0," -71.0595677,42.3604823",,,,,,,,,
92,64," -71.0591717368845,42.3664455371807",,,,,,,,,
93,71," -71.0578695826709,42.3564211969845",,,,,,,,,
94,147.5," -71.0809226,42.3456863",,,,,,,,,
95,65.2," -71.1013902663573,42.3143598951958",,,,,,,,,
96,110.8," -71.0836626,42.3467642",,,,,,,,,
97,87.9," -71.054549,42.35309",,,,,,,,,
98,76.5," -71.0712468790221,42.35023115",,,,,,,,,
99,62.9," -71.0539241071429,42.3581388571429",,,,,,,,,
100,73.5," -71.063186,42.3293884",,,,,,,,,
101,66.6," -71.0566106326531,42.354852755102",,,,,,,,,
102,84.7," -71.0926912,42.3469348",,,,,,,,,
103,64.9," -71.0610576643969,42.3567011",,,,,,,,,
104,70.1," -71.0626756875,42.359122",,,,,,,,,
105,177.2," -71.0975764603773,42.3447254945236",,,,,,,,,
106,278.9," -71.0923193,42.3392795",,,,,,,,,
107,128.6," -71.0618702280881,42.35887535",,,,,,,,,
108,71.1," -71.0579654,42.3532502",,,,,,,,,
109,127.1," -71.0581936836735,42.3587855918367",,,,,,,,,
110,39.9," -71.0730862271907,42.3492131746555",,,,,,,,,
111,59.8," -71.1182439565127,42.2694045033742",,,,,,,,,
112,72.5," -71.0541865,42.374969",,,,,,,,,
113,68.1," -71.1256954444444,42.3636160740741",,,,,,,,,
114,73.6," -71.0666239,42.3616699",,,,,,,,,
115,78.9," -71.0569519,42.351924",,,,,,,,,
116,56.8," -71.0499414195329,42.3776145342422",,,,,,,,,
117,133.6," -71.0926912,42.3469348",,,,,,,,,
118,10.8," -71.050651125,42.3579175833333",,,,,,,,,
119,156.1," -71.0576786666667,42.3286933333333",,,,,,,,,
120,0," -71.0595677,42.3604823",,,,,,,,,
121,57.6," -71.0739554666967,42.35043025",,,,,,,,,
122,53.8," -71.0730232439024,42.351398097561",,,,,,,,,
123,329.7," -71.1058639473684,42.3349026315789",,,,,,,,,
124,85.7," -71.1045073,42.34515768",,,,,,,,,
125,55.6," -71.0560882857143,42.3590964285714",,,,,,,,,
126,84.6," -71.0530285918367,42.3577512857143",,,,,,,,,
127,429.2," -71.1079528125,42.3366629375",,,,,,,,,
128,27.5," -71.097794,42.350048",,,,,,,,,
129,604," -71.108255,42.337849",,,,,,,,,
130,461.2," -71.10735496,42.33873936",,,,,,,,,
131,671.2," -71.1078334285714,42.336510755102",,,,,,,,,
132,261.9," -71.0698163444838,42.3625120179953",,,,,,,,,
133,79.2," -71.0541072,42.3541385",,,,,,,,,
134,475.6," -71.106273,42.338238",,,,,,,,,
135,0," -71.0595677,42.3604823",,,,,,,,,
136,0," -71.0595677,42.3604823",,,,,,,,,
137,96.7," -71.0783624138673,42.3355614054498",,,,,,,,,
138,82.2," -71.12593421875,42.25091975",,,,,,,,,
139,63.2," -71.0588746,42.3504896",,,,,,,,,
140,75.8," -71.056843,42.3503565",,,,,,,,,
141,383.5," -71.1018794639118,42.3371008",,,,,,,,,
142,63.2," -71.055059,42.3558801428571",,,,,,,,,
143,0," -71.0595677,42.3604823",,,,,,,,,
144,180," -71.0534175852377,42.362259331515",,,,,,,,,
145,323.6," -71.1052995,42.3406365",,,,,,,,,
146,127.8," -71.1326286233361,42.2967964404295",,,,,,,,,
147,434.2," -71.10737536,42.33872076",,,,,,,,,
148,173," -71.0811192,42.3327667",,,,,,,,,
149,0.3," -71.0565163,42.3510033",,,,,,,,,
150,116.6," -71.1669339,42.3503915",,,,,,,,,
151,101.1," -71.0611528615451,42.363959645865",,,,,,,,,
152,105.9," -71.0583778,42.3076775",,,,,,,,,
153,75.7," -71.1246259,42.363655",,,,,,,,,
154,253.2," -71.1289869971686,42.2988154629671",,,,,,,,,
155,59.6," -71.1244336210619,42.36324455",,,,,,,,,
156,0," -71.0595677,42.3604823",,,,,,,,,
157,80.9," -71.0926912,42.3469348",,,,,,,,,
158,54.9," -71.0529376153846,42.3576967692308",,,,,,,,,
159,124," -71.0584603224359,42.3527552",,,,,,,,,
160,46," -71.0563192916667,42.353825375",,,,,,,,,
161,81.9," -71.05629,42.355419",,,,,,,,,
162,98.5," -71.0510155,42.3506088",,,,,,,,,
163,106.2," -71.0425516666667,42.3453814583333",,,,,,,,,
164,198.8," -71.1039978024072,42.3374333556294",,,,,,,,,
165,513.2," -71.1031857258065,42.3371153387097",,,,,,,,,
166,358," -71.1028422040816,42.3377870612245",,,,,,,,,
167,517.8," -71.1051800833333,42.3376145833333",,,,,,,,,
168,108.1," -71.1032455233512,42.3373796690254",,,,,,,,,
169,226.6," -71.1032183064516,42.3371292096774",,,,,,,,,
170,183.4," -71.1037582,42.3353572",,,,,,,,,
171,486.9," -71.1037590108313,42.3373461447926",,,,,,,,,
172,146.9," -71.1012777272727,42.3362034545455",,,,,,,,,
173,147.6," -71.1042235537206,42.33564455",,,,,,,,,
174,209.6," -71.1035226373483,42.3372523767993",,,,,,,,,
175,68.9," -71.0280232591569,42.3440703901541",,,,,,,,,
176,60.5," -71.1065902396604,42.341799435926",,,,,,,,,
177,83.6," -71.1182843852116,42.2694697243781",,,,,,,,,
178,84.9," -71.0511127755102,42.3598150612245",,,,,,,,,
179,107.9," -71.0602524,42.3582926",,,,,,,,,
180,123.1," -71.0541072,42.3541385",,,,,,,,,
181,0," -71.1020021566205,42.35056862806",,,,,,,,,
182,68.8," -71.0851370719761,42.3464136",,,,,,,,,
183,87.1," -71.0623374617882,42.3560524215897",,,,,,,,,
184,54.9," -71.0510155,42.3506088",,,,,,,,,
185,62," -71.0509988257979,42.3506714885107",,,,,,,,,
186,48.9," -71.0756987428571,42.3485784571429",,,,,,,,,
187,64.3," -71.0510155,42.3506088",,,,,,,,,
188,87.2," -71.0557639,42.355387",,,,,,,,,
189,482.5," -71.0387245,42.3486431486486",,,,,,,,,
190,55.3," -71.0591579,42.357734",,,,,,,,,
191,54.6," -71.0608498394058,42.3531034164839",,,,,,,,,
192,126.7," -71.0723419230769,42.3367708461538",,,,,,,,,
193,210," -71.0858555686186,42.3461604524361",,,,,,,,,
194,198.2," -71.0644307708333,42.3511504895833",,,,,,,,,
195,0," -71.0595677,42.3604823",,,,,,,,,
196,76.6," -71.0510155,42.3506088",,,,,,,,,
197,0," -71.0595677,42.3604823",,,,,,,,,
198,263," -71.0490896741726,42.37858565",,,,,,,,,
199,92," -71.0618463325814,42.3623252607249",,,,,,,,,
200,81.8," -71.0772380318662,42.3511169629304",,,,,,,,,
201,67.6," -71.0510155,42.3506088",,,,,,,,,
202,174.3," -71.1064048,42.3501002",,,,,,,,,
203,42.9," -71.1064048,42.3501002",,,,,,,,,
204,186.8," -71.1154282,42.3513867",,,,,,,,,
205,67.9," -71.1064048,42.3501002",,,,,,,,,
206,0.3," -71.1249395,42.3533562",,,,,,,,,
207,91.7," -71.11727467438,42.2678388176484",,,,,,,,,
208,102.8," -71.0961315,42.3490383",,,,,,,,,
209,423.2," -71.1064048,42.3501002",,,,,,,,,
210,83.3," -71.1042186,42.3492641",,,,,,,,,
211,156.8," -71.10899,42.3508927",,,,,,,,,
212,90.8," -71.1120632773166,42.350496778699",,,,,,,,,
213,130," -71.099723,42.3488848",,,,,,,,,
214,85.7," -71.0976397501434,42.3502857830947",,,,,,,,,
215,75.6," -71.1207877420238,42.353505356706",,,,,,,,,
216,51.9," -71.1156834,42.3522328",,,,,,,,,
217,105," -71.099146,42.35014",,,,,,,,,
218,155.7," -71.1116058496039,42.3504426801054",,,,,,,,,
219,155.2," -71.1238443195576,42.3541003064668",,,,,,,,,
220,280.5," -71.1065724,42.3500102",,,,,,,,,
221,98.2," -71.117708171708,42.352225",,,,,,,,,
222,29.7," -71.1016222287932,42.350531860851",,,,,,,,,
223,208.1," -71.1155588845808,42.3515917808921",,,,,,,,,
224,226.9," -71.1041666795859,42.3478073119559",,,,,,,,,
225,95.9," -71.1064048,42.3501002",,,,,,,,,
226,90.6," -71.1059622077528,42.348133814052",,,,,,,,,
227,66.6," -71.104594,42.347686",,,,,,,,,
228,93.5," -71.0903216,42.350867",,,,,,,,,
229,97.7," -71.1236146,42.354458",,,,,,,,,
230,127.4," -71.10434728125,42.34671178125",,,,,,,,,
231,129.2," -71.1164827023379,42.35176125",,,,,,,,,
232,91.2," -71.0969244,42.3502982",,,,,,,,,
233,132.5," -71.1061564341796,42.3472680200808",,,,,,,,,
234,133.7," -71.1095197699561,42.3501875611713",,,,,,,,,
235,177.5," -71.097794,42.350048",,,,,,,,,
236,71.8," -71.1210369,42.3528916",,,,,,,,,
237,0," -71.0595677,42.3604823",,,,,,,,,
238,50.1," -71.054654,42.357315",,,,,,,,,
239,83.9," -71.1175401823351,42.2682759432248",,,,,,,,,
240,78.9," -71.1176229453192,42.2526359256126",,,,,,,,,
241,0," -71.0595677,42.3604823",,,,,,,,,
242,0," -71.0595677,42.3604823",,,,,,,,,
243,117.8," -71.0565675,42.3546885",,,,,,,,,
244,74.7," -71.059695,42.352437",,,,,,,,,
245,147.3," -71.10734136,42.33875176",,,,,,,,,
246,40.8," -71.0657279,42.3475844",,,,,,,,,
247,108.8," -71.1567416176471,42.3490163235294",,,,,,,,,
248,87," -71.065325972973,42.3510039189189",,,,,,,,,
249,73.4," -71.0926912,42.3469348",,,,,,,,,
250,53.8," -71.0595677,42.3604823",,,,,,,,,
251,35.2," -71.0811192,42.3327667",,,,,,,,,
252,276.4," -71.1429878571429,42.3442547142857",,,,,,,,,
253,0," -71.0595677,42.3604823",,,,,,,,,
254,0," -71.0595677,42.3604823",,,,,,,,,
255,72.3," -71.0514927986113,42.35422345",,,,,,,,,
256,93.1," -71.0978006,42.3262952",,,,,,,,,
257,192.4," -71.0917602874995,42.34078345",,,,,,,,,
258,118.5," -71.0616553030303,42.3636323232323",,,,,,,,,
259,71," -71.0889134631154,42.340726",,,,,,,,,
260,43.9," -71.0859518964427,42.3369344",,,,,,,,,
261,80.8," -71.0978006,42.3262952",,,,,,,,,
262,67.9," -71.0978006,42.3262952",,,,,,,,,
263,56.8," -71.1254103673469,42.3662032857143",,,,,,,,,
264,121.8," -71.0728150169942,42.3492877341597",,,,,,,,,
265,59.8," -71.0984208211674,42.3440925",,,,,,,,,
266,131.9," -71.101284,42.3443563",,,,,,,,,
267,90.6," -71.0766369,42.307077",,,,,,,,,
268,215.3," -71.1483211,42.3490055",,,,,,,,,
269,191.8," -71.0655007,42.2774332",,,,,,,,,
270,64.6," -71.0453144648785,42.35323325",,,,,,,,,
271,96.1," -71.109701,42.331562",,,,,,,,,
272,58.6," -71.0488788102574,42.3523413435497",,,,,,,,,
273,103.7," -71.0592058806694,42.3592916348452",,,,,,,,,
274,114.5," -71.0684689,42.3668958",,,,,,,,,
275,0," -71.0595677,42.3604823",,,,,,,,,
276,53.3," -71.0599728907442,42.3636573194662",,,,,,,,,
277,46.6," -71.054215,42.311984",,,,,,,,,
278,0," -71.0595677,42.3604823",,,,,,,,,
279,11.2," -71.0812989,42.3403118",,,,,,,,,
280,91," -71.0720409310345,42.348875",,,,,,,,,
281,184.4," -71.1341297444351,42.3651799566775",,,,,,,,,
282,51," -71.128749,42.25983",,,,,,,,,
283,60.4," -71.0510155,42.3506088",,,,,,,,,
284,64.3," -71.0510155,42.3506088",,,,,,,,,
285,284.8," -71.0938963043119,42.3394576",,,,,,,,,
286,43.3," -71.0975208766791,42.338613",,,,,,,,,
287,6.4," -71.095208,42.338222",,,,,,,,,
288,0," -71.0595677,42.3604823",,,,,,,,,
289,34.3," -71.0582193047619,42.3513729095238",,,,,,,,,
290,0," -71.0595677,42.3604823",,,,,,,,,
291,82.3," -71.1016251680224,42.3321810486765",,,,,,,,,
292,105.6," -71.0566106326531,42.354852755102",,,,,,,,,
293,66.5," -71.0499988107067,42.3485342974303",,,,,,,,,
294,98.5," -71.0786321,42.3483133",,,,,,,,,
295,77.5," -71.0541859,42.3593344",,,,,,,,,
296,46.4," -71.0546637150629,42.3026666228107",,,,,,,,,
297,53.4," -71.0502081,42.3513272",,,,,,,,,
298,66.4," -71.05016,42.348328",,,,,,,,,
299,77.6," -71.0742512702703,42.3468064324324",,,,,,,,,
300,0," -71.0595677,42.3604823",,,,,,,,,
301,55.4," -71.0564302234137,42.3564253246863",,,,,,,,,
302,72.6," -71.0616417575758,42.3636294747475",,,,,,,,,
303,141.7," -71.0563264166667,42.35388725",,,,,,,,,
304,99," -71.0481075,42.3505181666667",,,,,,,,,
305,33.5," -71.0510155,42.3506088",,,,,,,,,
306,147.4," -71.0511476938776,42.363200877551",,,,,,,,,
307,100.6," -71.0501026938775,42.3579400612245",,,,,,,,,
308,55.6," -71.1302824,42.2978789",,,,,,,,,
309,129," -71.1078375,42.3391375454545",,,,,,,,,
310,60.5," -71.05212675,42.344586",,,,,,,,,
311,91.1," -71.0467686538461,42.3140462307692",,,,,,,,,
312,52.6," -71.056972882353,42.3569150882353",,,,,,,,,
313,74.8," -71.071331,42.3469532580645",,,,,,,,,
314,79.6," -71.0565163,42.3510033",,,,,,,,,
315,110.7," -71.0576256666667,42.3503146231884",,,,,,,,,
316,4.2," -71.057425,42.367629",,,,,,,,,
317,0," -71.0595677,42.3604823",,,,,,,,,
318,103.4," -71.10739168,42.33870588",,,,,,,,,
319,56.2," -71.0500205918367,42.3493239795918",,,,,,,,,
320,0," -71.0595677,42.3604823",,,,,,,,,
321,120.1," -71.1108549,42.328899",,,,,,,,,
322,26.6," -71.0641701123596,42.3778498083569",,,,,,,,,
323,0," -71.0595677,42.3604823",,,,,,,,,
324,143.6," -71.0709663939394,42.3511858383838",,,,,,,,,
325,322," -71.0811192,42.3327667",,,,,,,,,
326,85.7," -71.0580464852892,42.3329028086008",,,,,,,,,
327,387.3," -71.0618286923077,42.3495668461538",,,,,,,,,
328,37.5," -71.0616789,42.358091",,,,,,,,,
329,78.4," -71.1022341036895,42.3415619171204",,,,,,,,,
330,65," -71.1023381340612,42.3416677902201",,,,,,,,,
331,100.6," -71.1022132976151,42.3415407425004",,,,,,,,,
332,72.3," -71.102442164433,42.3417736633199",,,,,,,,,
333,44.8," -71.1025461948047,42.3418795364196",,,,,,,,,
334,86.1," -71.065955,42.3613595",,,,,,,,,
335,351.6," -71.0509734477612,42.3768694328358",,,,,,,,,
336,17.6," -71.0811192,42.3327667",,,,,,,,,
337,185.4," -71.0766369,42.307077",,,,,,,,,
338,107.3," -71.115424836587,42.3094697964297",,,,,,,,,
339,254.1," -71.0811192,42.3327667",,,,,,,,,
340,338.9," -71.1224819947696,42.2876829327984",,,,,,,,,
341,90.6," -71.0816062357757,42.2747056592057",,,,,,,,,
342,22.5," -71.0700179,42.272249",,,,,,,,,
343,249.3," -71.0700199,42.325718",,,,,,,,,
344,56.1," -71.1203281227728,42.2919198885841",,,,,,,,,
345,65.9," -71.0544074,42.3653472",,,,,,,,,
346,94," -71.078607,42.329996",,,,,,,,,
347,63.6," -71.0372819090909,42.3728416363636",,,,,,,,,
348,157.4," -71.0811192,42.3327667",,,,,,,,,
349,7.2," -71.093789,42.334668",,,,,,,,,
350,97.6," -71.0602524,42.3582926",,,,,,,,,
351,83.2," -71.076594,42.326971",,,,,,,,,
352,100.7," -71.036216,42.334832",,,,,,,,,
353,131.7," -71.0687731052632,42.3399225263158",,,,,,,,,
354,84.6," -71.1265261,42.3578102",,,,,,,,,
355,125.9," -71.030755,42.3787954",,,,,,,,,
356,108.4," -71.073931,42.3468213538462",,,,,,,,,
357,172.5," -71.0530294,42.3656414",,,,,,,,,
358,120.9," -71.039156047619,42.3685147619048",,,,,,,,,
359,134.8," -71.0838163833113,42.3287748708439",,,,,,,,,
360,47.4," -71.079125,42.278518",,,,,,,,,
361,136.8," -71.0623832222975,42.3080605782734",,,,,,,,,
362,63.3," -71.0639231818182,42.2866708181818",,,,,,,,,
363,97," -71.047356,42.28856",,,,,,,,,
364,84.2," -71.0766369,42.307077",,,,,,,,,
365,41," -71.0776298571429,42.3406751428571",,,,,,,,,
366,114.3," -71.0811192,42.3327667",,,,,,,,,
367,87.6," -71.1302824,42.2978789",,,,,,,,,
368,135.7," -71.1532817345459,42.3434604563618",,,,,,,,,
369,115.2," -71.1565574539866,42.28402565",,,,,,,,,
370,137.7," -71.0719080030377,42.3833159031536",,,,,,,,,
371,126.3," -71.0926912,42.3469348",,,,,,,,,
372,106.5," -71.0973995258981,42.3371693546591",,,,,,,,,
373,97.8," -71.0413626,42.3470211",,,,,,,,,
374,115.5," -71.0978006,42.3262952",,,,,,,,,
375,80.5," -71.1307264444444,42.2368022222222",,,,,,,,,
376,65," -71.0395386521739,42.3698525217391",,,,,,,,,
377,121.9," -71.1678192507277,42.35123714908",,,,,,,,,
378,230.8," -71.0893827142857,42.2911",,,,,,,,,
379,90.2," -71.1219269,42.278059",,,,,,,,,
380,156.8," -71.003919,42.387914",,,,,,,,,
381,274.5," -71.090754,42.345642",,,,,,,,,
382,267.6," -71.0510588255466,42.366507945767",,,,,,,,,
383,18.7," -71.0374643373697,42.3481506520801",,,,,,,,,
384,58.2," -71.104519,42.3451842",,,,,,,,,
385,2.3," -71.0646277,42.3529947",,,,,,,,,
386,8.9," -71.0389389,42.374924",,,,,,,,,
387,149.2," -71.0366236122449,42.3729767346939",,,,,,,,,
388,87.4," -71.0777336194819,42.3263437044145",,,,,,,,,
389,43.3," -71.1167902290622,42.2484606235702",,,,,,,,,
390,56.6," -71.0811192,42.3327667",,,,,,,,,
391,171.7," -71.0589563333333,42.297663",,,,,,,,,
392,118.9," -71.1285731902464,42.2467190256879",,,,,,,,,
393,158.5," -71.0811192,42.3327667",,,,,,,,,
394,106.8," -71.1235565,42.257661",,,,,,,,,
395,214.1," -71.1335342439024,42.3016826829268",,,,,,,,,
396,0," -71.0413626,42.3470211",,,,,,,,,
397,80.3," -71.081592,42.271411",,,,,,,,,
398,75.4," -71.0547382,42.2858246",,,,,,,,,
399,108.1," -71.0646208,42.375776",,,,,,,,,
400,81.5," -71.0811192,42.3327667",,,,,,,,,
401,102.7," -71.1302824,42.2978789",,,,,,,,,
402,118.5," -71.1426095000835,42.3493677237099",,,,,,,,,
403,34.1," -71.0392708181818,42.3767076363636",,,,,,,,,
404,101," -71.0978006,42.3262952",,,,,,,,,
405,34.8," -71.1326887885031,42.3547642849642",,,,,,,,,
406,93.6," -71.0592010625,42.3581071875",,,,,,,,,
407,123.6," -71.0686209312465,42.273681325046",,,,,,,,,
408,166.3," -71.0935748846154,42.2785255769231",,,,,,,,,
409,112," -71.0549869,42.364013",,,,,,,,,
410,5.8," -71.005863,42.38606",,,,,,,,,
411,0," -71.0602524,42.3582926",,,,,,,,,
412,72.7," -71.0811192,42.3327667",,,,,,,,,
413,53.5," -71.0769501875,42.3410495",,,,,,,,,
414,60.4," -71.1302824,42.2978789",,,,,,,,,
415,106.1," -71.0627095043575,42.3412464990747",,,,,,,,,
416,90.3," -71.1770493103373,42.2805679061936",,,,,,,,,
417,233.6," -71.0580007254411,42.2980849039736",,,,,,,,,
418,0," -71.0669605714286,42.3266692959184",,,,,,,,,
419,173.3," -71.0704366575871,42.3271690182946",,,,,,,,,
420,0.6," -71.0811192,42.3327667",,,,,,,,,
421,216.4," -71.12072825,42.2940245",,,,,,,,,
422,7.7," -71.116947,42.320032",,,,,,,,,
423,60.9," -71.116467023304,42.253311205273",,,,,,,,,
424,278," -71.0766369,42.307077",,,,,,,,,
425,78.7," -71.1522586,42.3371499",,,,,,,,,
426,193.3," -71.0899759,42.28898",,,,,,,,,
427,77," -71.038765755102,42.3356510204082",,,,,,,,,
428,92.5," -71.070829,42.326834",,,,,,,,,
429,34.5," -71.07405875,42.385242",,,,,,,,,
430,0," -71.0595677,42.3604823",,,,,,,,,
431,149.7," -71.0888979,42.34016",,,,,,,,,
432,96.7," -71.0674920452801,42.3661049182307",,,,,,,,,
433,0," -71.0365091082855,42.34064525",,,,,,,,,
434,114," -71.0911492640818,42.34209615",,,,,,,,,
435,8.4," -71.0811192,42.3327667",,,,,,,,,
436,0," -71.0595677,42.3604823",,,,,,,,,
437,41.4," -71.1219988765206,42.2628125570693",,,,,,,,,
438,47.7," -71.0349028421053,42.3656940526316",,,,,,,,,
439,89.8," -71.1142516,42.3073557",,,,,,,,,
440,58.1," -71.0374754285714,42.3713688571429",,,,,,,,,
441,67.2," -71.0949520008089,42.3467794452154",,,,,,,,,
442,48.6," -71.1390161632653,42.3433933469388",,,,,,,,,
443,65.7," -71.1190259,42.283092",,,,,,,,,
444,79.3," -71.1351101788692,42.2776778",,,,,,,,,
445,72.4," -71.15505,42.2630153571429",,,,,,,,,
446,102.3," -71.0726169722222,42.3410388333333",,,,,,,,,
447,51.3," -71.0060059230769,42.3914014615385",,,,,,,,,
448,40.4," -71.1454647543033,42.34928775",,,,,,,,,
449,37.6," -71.1681338,42.3505988",,,,,,,,,
450,105.7," -71.083091,42.34037125",,,,,,,,,
451,56.1," -71.1070314481826,42.323782656458",,,,,,,,,
452,115.1," -71.0610625314593,42.3804708828528",,,,,,,,,
453,37.2," -71.1044606471225,42.26736705",,,,,,,,,
454,47.2," -71.0583120984321,42.3230902870531",,,,,,,,,
455,78.6," -71.069427,42.3564905",,,,,,,,,
456,97.7," -71.0613456050091,42.300687612814",,,,,,,,,
457,120.8," -71.0517183,42.3379255",,,,,,,,,
458,67.3," -71.1273414414001,42.274598",,,,,,,,,
459,65.8," -71.1135843022332,42.3189700199921",,,,,,,,,
460,44.7," -71.1302824,42.2978789",,,,,,,,,
461,98," -71.0450775237281,42.3189002095134",,,,,,,,,
462,71," -71.0767833109449,42.287932028716",,,,,,,,,
463,114," -71.0767833109449,42.287932028716",,,,,,,,,
464,73.4," -71.0349512816881,42.3811091",,,,,,,,,
465,65.8," -71.1601794260347,42.3458102784874",,,,,,,,,
466,60.3," -71.06658875,42.379592875",,,,,,,,,
467,63," -71.0334920434783,42.3697221521739",,,,,,,,,
468,68.4," -71.0920269319896,42.2718676016367",,,,,,,,,
469,84.5," -71.0899759,42.28898",,,,,,,,,
470,54.4," -71.0536115,42.36648625",,,,,,,,,
471,56.8," -71.0936150084534,42.3148669718219",,,,,,,,,
472,74.8," -71.0731502256427,42.3232956588771",,,,,,,,,
473,63.4," -71.1127388148148,42.2564587037037",,,,,,,,,
474,47.9," -71.1060822719072,42.3339878655327",,,,,,,,,
475,59.1," -71.0723468325446,42.286346860405",,,,,,,,,
476,76.6," -71.1031737445326,42.308974467017",,,,,,,,,
477,57.4," -71.1339736908287,42.36075595",,,,,,,,,
478,59.3," -71.1607280866949,42.35212805",,,,,,,,,
479,46.2," -71.0744951,42.2973205",,,,,,,,,
480,36.8," -71.1173949745508,42.26519695",,,,,,,,,
481,51.5," -71.0805238,42.2968754",,,,,,,,,
482,53.8," -71.1269262367248,42.25660185",,,,,,,,,
483,68.4," -71.1034179494936,42.3205762659915",,,,,,,,,
484,68," -71.07552,42.273482",,,,,,,,,
485,69.4," -71.1078386027314,42.28630805",,,,,,,,,
486,52.5," -71.154188963701,42.339999590021",,,,,,,,,
487,85.7," -71.1329835714286,42.2335274285714",,,,,,,,,
488,215," -71.107378,42.326873",,,,,,,,,
489,63.4," -71.0594840172414,42.3577339482759",,,,,,,,,
490,66.4," -71.0914233268856,42.3177307700315",,,,,,,,,
491,108.6," -71.0717910454545,42.3056339090909",,,,,,,,,
492,48.9," -71.097763,42.313349",,,,,,,,,
493,76.1," -71.0780029,42.339429",,,,,,,,,
494,66.5," -71.1178788675885,42.2630655",,,,,,,,,
495,58.1," -71.1244816704678,42.2836816406202",,,,,,,,,
496,158.7," -71.1367839375,42.352547125",,,,,,,,,
497,66.6," -71.1061182769018,42.3218787522172",,,,,,,,,
498,38.2," -71.0309704285714,42.3785311428571",,,,,,,,,
499,39.3," -71.0535012319019,42.2866465749196",,,,,,,,,
500,85.2," -71.0713355,42.383117",,,,,,,,,
501,54.9," -71.1628799742457,42.2715531961272",,,,,,,,,
502,48.4," -71.0760752556602,42.3114110157626",,,,,,,,,
503,40.8," -71.0863279276701,42.3169020827025",,,,,,,,,
504,106.1," -71.0801048135724,42.2926908417522",,,,,,,,,
505,54," -71.0951171062972,42.28235305",,,,,,,,,
506,45.3," -71.0856584210526,42.3215110526316",,,,,,,,,
507,75.7," -71.0756449204526,42.3076081944029",,,,,,,,,
508,59.5," -71.1523127333333,42.2942346666667",,,,,,,,,
509,87.7," -71.1612857445571,42.3509653142322",,,,,,,,,
510,67.3," -71.1319779866603,42.30589040659",,,,,,,,,
511,72.8," -71.0708704630087,42.3000388305335",,,,,,,,,
512,71," -71.0692696937495,42.3252750967931",,,,,,,,,
513,54.9," -71.0622767946518,42.3078918497468",,,,,,,,,
514,53," -71.1035973263725,42.2757444",,,,,,,,,
515,39.7," -71.0344456666667,42.3686874444444",,,,,,,,,
516,56.5," -71.0738642857143,42.3443788571429",,,,,,,,,
517,68.6," -71.0993194461316,42.3432588272336",,,,,,,,,
518,51.4," -71.1065724,42.3500102",,,,,,,,,
519,65.5," -71.1013441683457,42.3167670212524",,,,,,,,,
520,61.3," -71.0909949,42.276885",,,,,,,,,
521,51.4," -71.098295,42.330071",,,,,,,,,
522,49.8," -71.1411034070743,42.2808355141561",,,,,,,,,
523,78," -71.0871644081633,42.329838",,,,,,,,,
524,147.2," -71.049353,42.293856",,,,,,,,,
525,48," -71.03811136,42.37817252",,,,,,,,,
526,120.9," -71.0622597659458,42.2934884368318",,,,,,,,,
527,83," -71.1465111483206,42.2628300330348",,,,,,,,,
528,85.3," -71.0609503,42.3467181",,,,,,,,,
529,58.5," -71.0342413333333,42.374906",,,,,,,,,
530,99.1," -71.115553,42.294628",,,,,,,,,
531,63.1," -71.03059125,42.33228875",,,,,,,,,
532,53.5," -71.1178793629638,42.2856261321207",,,,,,,,,
533,67.9," -71.0811192,42.3327667",,,,,,,,,
534,46.5," -71.068267018576,42.3489570743041",,,,,,,,,
535,44.6," -71.0811192,42.3327667",,,,,,,,,
536,54.3," -71.1093045390071,42.3095776",,,,,,,,,
537,71.7," -71.1234057059227,42.2425009084141",,,,,,,,,
538,88.3," -71.0766369,42.307077",,,,,,,,,
539,41," -71.0868185,42.2816608",,,,,,,,,
540,58.2," -71.0587522120588,42.3756161138952",,,,,,,,,
541,49.6," -71.0780648,42.3506369",,,,,,,,,
542,98.7," -71.044312,42.3334986470588",,,,,,,,,
543,57.2," -71.1262659711283,42.2863205613415",,,,,,,,,
544,59.5," -71.1451392919741,42.3499416109398",,,,,,,,,
545,38.3," -71.0766592105263,42.277033",,,,,,,,,
546,53.7," -71.0803258272282,42.281634614511",,,,,,,,,
547,64.3," -71.0913389,42.330097",,,,,,,,,
548,62.5," -71.0970566173331,42.3328805523113",,,,,,,,,
549,86.9," -71.0880355007555,42.3156495",,,,,,,,,
550,67.4," -71.0379102,42.3348094",,,,,,,,,
551,128.4," -71.0401279813084,42.37851",,,,,,,,,
552,39.3," -71.0982069848515,42.3136207693619",,,,,,,,,
553,51.2," -71.0821745,42.3266776875",,,,,,,,,
554,61.9," -71.069993240093,42.2809405028306",,,,,,,,,
555,51.8," -71.1553676956522,42.3477564347826",,,,,,,,,
556,51.8," -71.0750482603259,42.3181624695788",,,,,,,,,
557,491452.2," -71.0573118144643,42.3564951519509",,,,,,,,,
558,46.1," -71.1013871817686,42.3184206780378",,,,,,,,,
559,0," -71.0595677,42.3604823",,,,,,,,,
560,0," -71.0595677,42.3604823",,,,,,,,,
561,0," -71.0595677,42.3604823",,,,,,,,,
562,434.4," -71.0668827925055,42.383105221192",,,,,,,,,
563,220.2," -71.0672206448385,42.3643363232281",,,,,,,,,
564,311.4," -71.061542,42.3498497",,,,,,,,,
565,219.1," -71.0668144166667,42.3383831944444",,,,,,,,,
566,86.3," -71.1064048,42.3501002",,,,,,,,,
567,68.2," -71.0112592971612,42.3897622612119",,,,,,,,,
568,78.9," -71.1473095976724,42.2870812923645",,,,,,,,,
569,142.8," -71.0376106470588,42.3722955882353",,,,,,,,,
570,27.1," -71.0615173473504,42.3810704280912",,,,,,,,,
571,76.2," -71.126765517218,42.2856896725072",,,,,,,,,
572,17.4," -71.0679047566641,42.3816645510833",,,,,,,,,
573,271.7," -71.1384574252593,42.3603057",,,,,,,,,
574,141.5," -71.1361335466293,42.35378365",,,,,,,,,
575,89.2," -71.1203817058824,42.2552362352941",,,,,,,,,
576,60.2," -71.0811192,42.3327667",,,,,,,,,
577,169.2," -71.0593137,42.3499315",,,,,,,,,
578,133.7," -71.0529107354817,42.3548008328201",,,,,,,,,
579,267.3," -71.0952519,42.290768",,,,,,,,,
580,216.8," -71.0602524,42.3582926",,,,,,,,,
581,173.7," -71.0809348571429,42.3189884489796",,,,,,,,,
582,238.7," -71.069288125,42.339523375",,,,,,,,,
583,149.9," -71.0811192,42.3327667",,,,,,,,,
584,120.2," -71.0811192,42.3327667",,,,,,,,,
585,79.6," -71.0730302244898,42.3337342244898",,,,,,,,,
586,0," -71.063198,42.340076",,,,,,,,,
587,0," -71.073176,42.333575",,,,,,,,,
588,100.3," -71.1283418100481,42.3598349878563",,,,,,,,,
589,85.9," -71.163462,42.352444",,,,,,,,,
590,84.9," -71.0277325454545,42.3783613333333",,,,,,,,,
591,115," -71.0971191666667,42.320697",,,,,,,,,
592,259.4," -71.1236941100194,42.2531842400872",,,,,,,,,
593,94.7," -71.0629700746204,42.3116582924428",,,,,,,,,
594,13," -71.072611,42.289525",,,,,,,,,
595,112.3," -71.067448,42.314751",,,,,,,,,
596,10.2," -71.0613901912503,42.3624903016752",,,,,,,,,
597,9.9," -71.0717832727273,42.3326152424242",,,,,,,,,
598,0," -71.0732515069324,42.2706510792592",,,,,,,,,
599,0," -71.065204,42.3602572857143",,,,,,,,,
600,70.1," -71.1786598556366,42.2782301005678",,,,,,,,,
601,0," -71.0811192,42.3327667",,,,,,,,,
602,40.7," -71.0642158333333,42.3343200833333",,,,,,,,,
603,197," -71.0638843757496,42.35546545",,,,,,,,,
604,0," -71.0595677,42.3604823",,,,,,,,,
605,89.8," -71.0589449,42.356731",,,,,,,,,
606,164.7," -71.0617875714286,42.3502552040816",,,,,,,,,
607,1.9," -71.0351411,42.3393188",,,,,,,,,
608,0," -71.0595677,42.3604823",,,,,,,,,
609,0," -71.0595677,42.3604823",,,,,,,,,
610,71.7," -71.0943756,42.3314096",,,,,,,,,
611,134.2," -71.1609935322186,42.2790974788915",,,,,,,,,
612,46.4," -71.0759604,42.3471078",,,,,,,,,
613,260.3," -71.0627901631855,42.35049565",,,,,,,,,
614,95.9," -71.062304,42.3483995",,,,,,,,,
615,60.1," -71.0584536923077,42.3569944615385",,,,,,,,,
616,0," -71.0595677,42.3604823",,,,,,,,,
617,117.7," -71.060403375,42.35247075",,,,,,,,,
618,63," -71.0534198,42.3565617",,,,,,,,,
619,75.3," -71.0798606,42.3305594",,,,,,,,,
620,150.4," -71.0602524,42.3582926",,,,,,,,,
621,0," -71.0595677,42.3604823",,,,,,,,,
622,121.6," -71.100879,42.340235",,,,,,,,,
623,121.7," -71.0995231129022,42.3392796408671",,,,,,,,,
624,128.4," -71.0995231129022,42.3392796408671",,,,,,,,,
625,264.7," -71.0995231129022,42.3392796408671",,,,,,,,,
626,178," -71.100944,42.336316",,,,,,,,,
627,118.6," -71.1056098308925,42.3419263902168",,,,,,,,,
628,107," -71.1062908937175,42.3412814900197",,,,,,,,,
629,113.5," -71.1060184685875,42.3415394500986",,,,,,,,,
630,159.8," -71.1061206280113,42.341442715069",,,,,,,,,
631,105," -71.1061546811525,42.3414104700591",,,,,,,,,
632,102.5," -71.1053044130435,42.3408999347826",,,,,,,,,
633,99," -71.105029,42.341166",,,,,,,,,
634,128.7," -71.1053575652174,42.340849173913",,,,,,,,,
635,95.7," -71.1041395403001,42.3420400321753",,,,,,,,,
636,109.4," -71.1051746827393,42.3422819379438",,,,,,,,,
637,94.1," -71.1032832727273,42.3425963484848",,,,,,,,,
638,100.3," -71.1032978181818,42.3425820454545",,,,,,,,,
639,276," -71.1053044130435,42.3408999347826",,,,,,,,,
640,60.1," -71.0726779,42.384403",,,,,,,,,
641,13.9," -71.06462,42.382146",,,,,,,,,
642,138.9," -71.0681546,42.3302868",,,,,,,,,
643,111.4," -71.0431625,42.3462734",,,,,,,,,
644,67.9," -71.1036697275157,42.3351382",,,,,,,,,
645,123.7," -71.0812989,42.3403118",,,,,,,,,
646,102.5," -71.0987649815848,42.3388858103136",,,,,,,,,
647,165.5," -71.0989329,42.3386252",,,,,,,,,
648,0," -71.0595677,42.3604823",,,,,,,,,
649,34.2," -71.0580663333333,42.3496763333333",,,,,,,,,
650,0," -71.0595677,42.3604823",,,,,,,,,
651,25693.9," -71.0528226,42.3537855",,,,,,,,,
652,140.9," -71.0827952698125,42.3449325",,,,,,,,,
653,170.6," -71.1022341036895,42.3415619171204",,,,,,,,,
654,89.2," -71.0667712916667,42.3384125694444",,,,,,,,,
655,213.6," -71.1022341036895,42.3415619171204",,,,,,,,,
656,179.7," -71.0701193,42.3619187",,,,,,,,,
657,80.4," -71.0943191428571,42.3258964285714",,,,,,,,,
658,56.2," -71.0926912,42.3469348",,,,,,,,,
659,83.3," -71.0465389,42.319427",,,,,,,,,
660,79.5," -71.0484736122449,42.3512420204082",,,,,,,,,
661,30.9," -71.0471545,42.3505555",,,,,,,,,
662,0," -71.0595677,42.3604823",,,,,,,,,
663,13.2," -71.0616577009564,42.3641193102853",,,,,,,,,
664,0," -71.0595677,42.3604823",,,,,,,,,
665,51.9," -71.0585573397833,42.3588154677577",,,,,,,,,
666,205.1," -71.1013500909091,42.3362301818182",,,,,,,,,
667,343.8," -71.1031694354839,42.3371084032258",,,,,,,,,
668,19.1," -71.0639397142857,42.3307832142857",,,,,,,,,
669,101.1," -71.05404875,42.367638",,,,,,,,,
670,95.4," -71.0628911194501,42.3115820964585",,,,,,,,,
671,61.9," -71.0400966818182,42.2870839090909",,,,,,,,,
672,121.8," -71.0972243184537,42.34648975",,,,,,,,,
673,1.9," -71.0668504002321,42.3469834687045",,,,,,,,,
674,0," -71.0595677,42.3604823",,,,,,,,,
675,86.4," -71.0539450892857,42.3581692142857",,,,,,,,,
676,30," -71.0573604285714,42.3587914285714",,,,,,,,,
677,98.4," -71.0735388457424,42.3490911288143",,,,,,,,,
678,0," -71.0569483333333,42.3378535555556",,,,,,,,,
679,0," -71.0541072,42.3541385",,,,,,,,,
680,216.5," -71.0706034210526,42.3384657894737",,,,,,,,,
681,239.6," -71.0724023958333,42.3379767604167",,,,,,,,,
682,307.1," -71.071782,42.337456",,,,,,,,,
683,416.7," -71.0685833469388,42.3371196938776",,,,,,,,,
684,149.6," -71.0742821041667,42.3374425625",,,,,,,,,
685,187.7," -71.0706981578947,42.3383884210526",,,,,,,,,
686,68.1," -71.0742078333333,42.3373785",,,,,,,,,
687,402.2," -71.072855,42.333856",,,,,,,,,
688,381," -71.068721030303,42.3367921515151",,,,,,,,,
689,283.6," -71.0686554242424,42.3368391212121",,,,,,,,,
690,97.5," -71.0609503,42.3467181",,,,,,,,,
691,149.8," -71.1356001870945,42.3632212564837",,,,,,,,,
692,186.8," -71.053314,42.340611",,,,,,,,,
693,173.9," -71.0393118,42.383652",,,,,,,,,
694,396.9," -71.0467556734694,42.3534400408163",,,,,,,,,
695,37.5," -71.0156709360607,42.3853344003682",,,,,,,,,
696,74.3," -71.0577641,42.3588131",,,,,,,,,
697,81.4," -71.051488,42.35462",,,,,,,,,
698,0," -71.0595677,42.3604823",,,,,,,,,
699,0," -71.0595677,42.3604823",,,,,,,,,
700,61.5," -71.0716422,42.3507734",,,,,,,,,
701,0.6," -71.0672997777778,42.319027037037",,,,,,,,,
702,34.1," -71.0811192,42.3327667",,,,,,,,,
703,19.5," -71.0755272261586,42.333958869796",,,,,,,,,
704,84.7," -71.0882139031386,42.33558275",,,,,,,,,
705,5.5," -71.0890546734694,42.3345121836735",,,,,,,,,
706,110.1," -71.081592,42.271411",,,,,,,,,
707,110.6," -71.1142904038438,42.3169458",,,,,,,,,
708,221.4," -71.125149,42.366979",,,,,,,,,
709,144.9," -71.1248622,42.3672696",,,,,,,,,
710,115.4," -71.1249606,42.3671688",,,,,,,,,
711,103.7," -71.124621,42.36752",,,,,,,,,
712,37.7," -71.124977,42.367152",,,,,,,,,
713,105.7," -71.1245298571429,42.3676162857143",,,,,,,,,
714,78.9," -71.1249442,42.3671856",,,,,,,,,
715,86.4," -71.0926912,42.3469348",,,,,,,,,
716,32," -71.1258350947261,42.3662838957569",,,,,,,,,
717,81.1," -71.0811192,42.3327667",,,,,,,,,
718,36.4," -71.1381803737374,42.3566567676768",,,,,,,,,
719,9.8," -71.06538,42.3779595",,,,,,,,,
720,74," -71.0583778,42.3076775",,,,,,,,,
721,88.6," -71.16128722,42.34023488",,,,,,,,,
722,88.3," -71.1381728132264,42.2460840475897",,,,,,,,,
723,137.6," -71.1050253333333,42.2865328333333",,,,,,,,,
724,62.5," -71.1050253333333,42.2865328333333",,,,,,,,,
725,36.6," -71.0694343631974,42.3420585467823",,,,,,,,,
726,31," -71.064888,42.3429565",,,,,,,,,
727,52.3," -71.066864,42.340289",,,,,,,,,
728,59.6," -71.0651934272819,42.3393211092918",,,,,,,,,
729,29.9," -71.0659976147033,42.3418691872829",,,,,,,,,
730,124.4," -71.0637790558293,42.3541476040644",,,,,,,,,
731,92.8," -71.0766171,42.3051945",,,,,,,,,
732,103.4," -71.0895167641908,42.3465388",,,,,,,,,
733,5.6," -71.1256954444444,42.3636160740741",,,,,,,,,
734,0," -71.0595677,42.3604823",,,,,,,,,
735,65.6," -71.0778884542634,42.3502099",,,,,,,,,
736,39.5," -71.0850329787483,42.2810395909124",,,,,,,,,
737,31.8," -71.0766369,42.307077",,,,,,,,,
738,54.6," -71.0675349815109,42.3392218580902",,,,,,,,,
739,80," -71.0580544285714,42.3590230357143",,,,,,,,,
740,94.3," -71.0966908242373,42.3126697051589",,,,,,,,,
741,121.2," -71.0709106,42.3465477",,,,,,,,,
742,50.4," -71.0926912,42.3469348",,,,,,,,,
743,0," -71.0638116563102,42.3540828178669",,,,,,,,,
744,119.7," -71.0743246122449,42.3486349387755",,,,,,,,,
745,1," -71.0728874489796,42.3338334489796",,,,,,,,,
746,0," -71.0686335555556,42.3368547777778",,,,,,,,,
747,56.7," -71.0541072,42.3541385",,,,,,,,,
748,37.8," -71.0709081538461,42.3444459230769",,,,,,,,,
749,111.4," -71.1051733887248,42.3021750152455",,,,,,,,,
750,0," -71.0595677,42.3604823",,,,,,,,,
751,78.9," -71.1480289505277,42.3572970956687",,,,,,,,,
752,0," -71.0595677,42.3604823",,,,,,,,,
753,46.3," -71.1673393570936,42.3566463004351",,,,,,,,,
754,103.9," -71.1111122867627,42.30622159816",,,,,,,,,
755,0," -71.0595677,42.3604823",,,,,,,,,
756,76.5," -71.034219,42.344546",,,,,,,,,
757,83," -71.0337800816327,42.3445916938775",,,,,,,,,
758,0," -71.1051715315034,42.3278618169241",,,,,,,,,
759,17.4," -71.0979694,42.3486707",,,,,,,,,
760,166.6," -71.0811192,42.3327667",,,,,,,,,
761,0," -71.0595677,42.3604823",,,,,,,,,
762,121017.9," -71.1530308819657,42.3518904642791",,,,,,,,,
763,68," -71.0428521970443,42.3380869852217",,,,,,,,,
764,0," -71.0595677,42.3604823",,,,,,,,,
765,0," -71.1028715318232,42.3164306087352",,,,,,,,,
766,76.9," -71.066417,42.378363",,,,,,,,,
767,0," -71.1064048,42.3501002",,,,,,,,,
768,21," -71.0635419681619,42.3433592249542",,,,,,,,,
769,64.7," -71.0541072,42.3541385",,,,,,,,,
770,0," -71.0595677,42.3604823",,,,,,,,,
771,21.6," -71.104781,42.2635",,,,,,,,,
772,9," -71.058385175,42.35096725",,,,,,,,,
773,0," -71.0595677,42.3604823",,,,,,,,,
774,0," -71.0133438,42.3911288",,,,,,,,,
775,84," -71.1064048,42.3501002",,,,,,,,,
776,45.4," -71.1681338,42.3505988",,,,,,,,,
777,28.1," -71.0622778,42.3648194",,,,,,,,,
778,29.1," -71.0615109966011,42.3642548737199",,,,,,,,,
779,0," -71.052404,42.357456",,,,,,,,,
780,46.4," -71.0795949422164,42.3317930108324",,,,,,,,,
781,419.8," -71.1028166122449,42.3378211836735",,,,,,,,,
782,0," -71.0595677,42.3604823",,,,,,,,,
783,154.3," -71.08029,42.3508855",,,,,,,,,
784,128.4," -71.0608376,42.3573772",,,,,,,,,
785,99.3," -71.0811192,42.3327667",,,,,,,,,
786,0," -71.0595677,42.3604823",,,,,,,,,
787,0," -71.0595677,42.3604823",,,,,,,,,
788,59.6," -71.147618,42.287923",,,,,,,,,
789,126.8," -71.0527274782609,42.359386826087",,,,,,,,,
790,69.1," -71.0573290653759,42.3560515034418",,,,,,,,,
791,105.7," -71.0604555238095,42.3502423571429",,,,,,,,,
792,0," -71.0704416764706,42.3627718529412",,,,,,,,,
793,143.4," -71.1265261,42.3578102",,,,,,,,,
794,205.2," -71.108854,42.333174",,,,,,,,,
795,535.6," -71.063955,42.362068",,,,,,,,,
796,81.9," -71.0972981761778,42.3372105624127",,,,,,,,,
797,81.7," -71.0478329253873,42.3201511",,,,,,,,,
798,87," -71.0558962674247,42.3608444077813",,,,,,,,,
799,66.4," -71.069723,42.356231",,,,,,,,,
800,0," -71.0595677,42.3604823",,,,,,,,,
801,51," -71.051678,42.359722",,,,,,,,,
802,7.2," -71.0612997885572,42.3518206630595",,,,,,,,,
803,206.5," -71.0923193,42.3392795",,,,,,,,,
804,109.9," -71.0630233265306,42.3534849591837",,,,,,,,,
805,26.1," -71.0633512050983,42.3442359909991",,,,,,,,,
806,130.4," -71.056081,42.3109835384615",,,,,,,,,
807,67.7," -71.03748315625,42.33935246875",,,,,,,,,
808,0," -71.0595677,42.3604823",,,,,,,,,
809,2.5," -71.0617905,42.3268965",,,,,,,,,
810,0," -71.0595677,42.3604823",,,,,,,,,
811,179," -71.132702,42.296761",,,,,,,,,
812,106.6," -71.1183517663764,42.2695784260514",,,,,,,,,
813,24," -71.037239877551,42.3391119591837",,,,,,,,,
814,118.9," -71.0371694285714,42.3391131428571",,,,,,,,,
815,138.9," -71.0370614166667,42.3392800416667",,,,,,,,,
816,38.1," -71.0373986666667,42.3378808333333",,,,,,,,,
817,183.9," -71.0828972,42.34436",,,,,,,,,
818,0," -71.0595677,42.3604823",,,,,,,,,
819,0," -71.0595677,42.3604823",,,,,,,,,
820,47.8," -71.0374604666667,42.3389560666667",,,,,,,,,
821,81.3," -71.03748315625,42.33935246875",,,,,,,,,
822,43.3," -71.0374474,42.3387302",,,,,,,,,
823,0.5," -71.07268436,42.3521652",,,,,,,,,
824,59.8," -71.068729,42.321284",,,,,,,,,
825,61.9," -71.0521127,42.3448522",,,,,,,,,
826,0," -71.0595677,42.3604823",,,,,,,,,
827,0," -71.0595677,42.3604823",,,,,,,,,
828,64," -71.1085580500479,42.31788295",,,,,,,,,
829,0," -71.0811192,42.3327667",,,,,,,,,
830,0," -71.0595677,42.3604823",,,,,,,,,
831,3.9," -71.0976931103722,42.3427597098532",,,,,,,,,
832,0," -71.0595677,42.3604823",,,,,,,,,
833,0," -71.0961315,42.3490383",,,,,,,,,
834,37.8," -71.052135,42.3012995",,,,,,,,,
835,95.4," -71.1511559,42.342702",,,,,,,,,
836,40.5," -71.0561035900472,42.3423125947566",,,,,,,,,
837,20.7," -71.074274,42.348528",,,,,,,,,
838,79.6," -71.0695076363636,42.3456741818182",,,,,,,,,
839,0," -71.0595677,42.3604823",,,,,,,,,
840,63.9," -71.136796413392,42.3607597",,,,,,,,,
841,32," -71.123607323019,42.2827064343912",,,,,,,,,
842,93," -71.1516,42.342003",,,,,,,,,
843,69.5," -71.151637,42.341754",,,,,,,,,
844,0," -71.0595677,42.3604823",,,,,,,,,
845,74.6," -71.0951649,42.3490323",,,,,,,,,
846,38.4," -70.999529,42.388468",,,,,,,,,
847,56," -71.0812989,42.3403118",,,,,,,,,
848,52.3," -71.061392755102,42.3536644693878",,,,,,,,,
849,0," -71.0461610898776,42.3536126",,,,,,,,,
850,0," -71.0454497,42.3536695",,,,,,,,,
851,0," -71.0595677,42.3604823",,,,,,,,,
852,76.7," -71.0468628,42.3133432",,,,,,,,,
853,4.7," -71.1054523125,42.3404905625",,,,,,,,,
854,46.3," -71.0554926,42.3573803",,,,,,,,,
855,291.7," -71.106656,42.330033",,,,,,,,,
856,50.8," -71.0541072,42.3541385",,,,,,,,,
857,0," -71.0740808974359,42.3486165897436",,,,,,,,,
858,24.6," -71.1095295017078,42.3403048685244",,,,,,,,,
859,103.9," -71.1182304802798,42.2693827630396",,,,,,,,,
860,86.6," -71.1064048,42.3501002",,,,,,,,,
861,75.9," -71.083488,42.329299",,,,,,,,,
862,84.3," -71.0946388635154,42.3449970222369",,,,,,,,,
863,0," -71.1028107521835,42.3162719450956",,,,,,,,,
864,50151.6," -71.060236,42.3578372",,,,,,,,,
865,57.3," -71.152318,42.274636",,,,,,,,,
866,0," -71.0647603,42.3522775",,,,,,,,,
867,110.2," -71.0972018644918,42.3417510166064",,,,,,,,,
868,88.1," -71.1213608,42.3526094",,,,,,,,,
869,57.1," -71.1027717368421,42.3471236842105",,,,,,,,,
870,15.6," -71.0570142367137,42.3426860121324",,,,,,,,,
871,97.9," -71.0565206458333,42.3546882291667",,,,,,,,,
872,152.1," -71.0568388823529,42.3569220882353",,,,,,,,,
873,27.6," -71.052153,42.378606",,,,,,,,,
874,182," -71.1170181334257,42.2529841624307",,,,,,,,,
875,23.3," -71.0722485104702,42.3001475747022",,,,,,,,,
876,86.8," -71.0818135165292,42.3386673164919",,,,,,,,,
877,2.2," -71.0994373953488,42.3202623953488",,,,,,,,,
878,16.1," -71.0504202,42.36552795",,,,,,,,,
879,202.8," -71.1168962244973,42.2672317335539",,,,,,,,,
880,94.5," -71.0818502,42.3449757",,,,,,,,,
881,33.5," -71.0633094302093,42.3550299474621",,,,,,,,,
882,0," -71.0595677,42.3604823",,,,,,,,,
883,0," -71.0595677,42.3604823",,,,,,,,,
884,65," -71.0811192,42.3327667",,,,,,,,,
885,69.6," -71.0926912,42.3469348",,,,,,,,,
886,0," -71.0595677,42.3604823",,,,,,,,,
887,0," -71.0595677,42.3604823",,,,,,,,,
888,71.8," -71.0811192,42.3327667",,,,,,,,,
889,418.2," -71.107002375005,42.3354176974398",,,,,,,,,
890,74.1," -71.088299525,42.3451319",,,,,,,,,
891,60.3," -71.0676568756106,42.3403492042469",,,,,,,,,
892,0," -71.072164,42.344209",,,,,,,,,
893,79.9," -71.0724730625,42.33804009375",,,,,,,,,
894,59.4," -71.066815,42.362514",,,,,,,,,
895,58.9," -71.1064048,42.3501002",,,,,,,,,
896,133.9," -71.119221,42.270593",,,,,,,,,
897,67.8," -71.0989690872309,42.3420453614205",,,,,,,,,
898,119.2," -71.101052,42.33538",,,,,,,,,
899,0," -71.0595677,42.3604823",,,,,,,,,
900,64.3," -71.1013600072556,42.3443814587463",,,,,,,,,
901,0," -71.1064048,42.3501002",,,,,,,,,
902,0," -71.155483,42.338934",,,,,,,,,
903,0," -71.0913976131316,42.342946397168",,,,,,,,,
904,0," -71.0595677,42.3604823",,,,,,,,,
905,0," -71.1064048,42.3501002",,,,,,,,,
906,61.7," -71.1554981781877,42.2608576393408",,,,,,,,,
907,40," -71.1555014097092,42.2608635071036",,,,,,,,,
908,60.4," -71.1109849,42.329525",,,,,,,,,
909,72.9," -71.0574677142857,42.3647988571429",,,,,,,,,
910,91," -71.0609106323711,42.3530432637672",,,,,,,,,
911,54.9," -71.1177187843025,42.2899265133212",,,,,,,,,
912,0," -71.0413626,42.3470211",,,,,,,,,
913,72," -71.0811192,42.3327667",,,,,,,,,
914,0," -71.0595677,42.3604823",,,,,,,,,
915,68.9," -71.0530338721334,42.4109028009687",,,,,,,,,
916,68.2," -71.1216379136386,42.3676953868899",,,,,,,,,
917,124.4," -71.1180078573548,42.2739547862518",,,,,,,,,
918,133.8," -71.0469743333333,42.3347566666667",,,,,,,,,
919,0," -71.0580107142857,42.3590201428571",,,,,,,,,
920,0," -71.0541072,42.3541385",,,,,,,,,
921,4.1," -71.0503041624813,42.3622483082847",,,,,,,,,
922,46.8," -71.0644110437234,42.3631565",,,,,,,,,
923,79.9," -71.0644110437234,42.3631565",,,,,,,,,
924,70.1," -71.0689364166667,42.3643262708333",,,,,,,,,
925,76.7," -71.0621141805696,42.3519422",,,,,,,,,
926,52.6," -71.0608937,42.3654203",,,,,,,,,
927,74.7," -71.1004297,42.3339992",,,,,,,,,
928,67.5," -71.1552463606664,42.2644490446296",,,,,,,,,
929,119.9," -71.0759748571429,42.2981841428571",,,,,,,,,
930,79," -71.0761021,42.3469394",,,,,,,,,
931,41.5," -71.0794079259259,42.3490171481481",,,,,,,,,
932,92.5," -71.0926912,42.3469348",,,,,,,,,
933,97.1," -71.0926912,42.3469348",,,,,,,,,
934,96.1," -71.0926912,42.3469348",,,,,,,,,
935,64.1," -71.05999525,42.353665875",,,,,,,,,
936,127.3," -71.0811192,42.3327667",,,,,,,,,
937,19.4," -71.1381494,42.359862",,,,,,,,,
938,0.1," -71.0585793294118,42.3504935882353",,,,,,,,,
939,117.7," -71.0510155,42.3506088",,,,,,,,,
940,59.8," -71.0520073899824,42.3625291667345",,,,,,,,,
941,0," -71.0595677,42.3604823",,,,,,,,,
942,78.3," -71.0636486539056,42.3544067488542",,,,,,,,,
943,0," -71.0595677,42.3604823",,,,,,,,,
944,40.8," -71.0961315,42.3490383",,,,,,,,,
945,52.2," -71.0594133323292,42.3041172590362",,,,,,,,,
946,49.5," -71.0363434166667,42.3701325",,,,,,,,,
947,54.7," -71.063031,42.348766",,,,,,,,,
948,71.4," -71.07032825,42.31117625",,,,,,,,,
949,46.4," -71.1158979,42.27598",,,,,,,,,
950,94.8," -71.0905976960567,42.3110253451342",,,,,,,,,
951,0," -71.0595677,42.3604823",,,,,,,,,
952,0," -71.0595677,42.3604823",,,,,,,,,
953,0," -71.0595677,42.3604823",,,,,,,,,
954,0," -71.0595677,42.3604823",,,,,,,,,
955,0," -71.0595677,42.3604823",,,,,,,,,
956,0," -71.0595677,42.3604823",,,,,,,,,
957,0," -71.0595677,42.3604823",,,,,,,,,
958,0," -71.0595677,42.3604823",,,,,,,,,
959,0," -71.0595677,42.3604823",,,,,,,,,
960,59," -71.0793831234051,42.3458832275",,,,,,,,,
961,65," -71.1523767302442,42.34070771168",,,,,,,,,
962,0," -71.0595677,42.3604823",,,,,,,,,
963,30.1," -71.1146435327904,42.3064431",,,,,,,,,
964,59.8," -71.0474192653061,42.2806801428571",,,,,,,,,
965,56.2," -71.0561463844771,42.3094065433977",,,,,,,,,
966,37.2," -71.0445142535569,42.3520846127096",,,,,,,,,
967,66.5," -71.06199096875,42.3566345625",,,,,,,,,
968,0," -71.0595677,42.3604823",,,,,,,,,
969,68.8," -71.0780905625,42.3822788125",,,,,,,,,
970,53.4," -71.0620268157895,42.3563433684211",,,,,,,,,
971,103.8," -71.0563150694444,42.3537887083333",,,,,,,,,
972,45.8," -71.0600803265306,42.3663393061224",,,,,,,,,
973,58.5," -71.0908639288043,42.2695878077295",,,,,,,,,
974,123.2," -71.0591248163265,42.3663090204082",,,,,,,,,
975,62," -71.0811192,42.3327667",,,,,,,,,
976,71.5," -71.0413626,42.3470211",,,,,,,,,
977,133," -71.1297406,42.300755",,,,,,,,,
978,58.3," -71.15212,42.26565",,,,,,,,,
979,0," -71.0595677,42.3604823",,,,,,,,,
980,26.8," -71.1328552901675,42.3479509393336",,,,,,,,,
981,152.7," -71.1283953734372,42.2842441319359",,,,,,,,,
982,74," -71.052248,42.3444276666667",,,,,,,,,
983,87.7," -71.1072385,42.3413935",,,,,,,,,
984,52.3," -71.1048271281458,42.3432739674817",,,,,,,,,
985,105.5," -71.1061529791132,42.3423276241097",,,,,,,,,
986,85," -71.0594550517241,42.3577248448276",,,,,,,,,
987,73.6," -71.0694672324514,42.340733",,,,,,,,,
988,41.5," -71.06198815625,42.3566371875",,,,,,,,,
989,138.3," -71.1326938470373,42.2967649378255",,,,,,,,,
990,0," -71.0595677,42.3604823",,,,,,,,,
991,70.3," -71.0980631538502,42.3436010365922",,,,,,,,,
992,145.1," -71.031143,42.3483534",,,,,,,,,
993,21.2," -71.0863495625,42.3458965",,,,,,,,,
994,29.9," -71.1160155357027,42.31438495",,,,,,,,,
995,0," -71.0595677,42.3604823",,,,,,,,,
996,99.6," -71.0668079,42.375657",,,,,,,,,
997,0," -71.0595677,42.3604823",,,,,,,,,
998,66.3," -71.1427819426717,42.3495674071052",,,,,,,,,
999,93," -71.052353,42.35663",,,,,,,,,
1000,92.5," -71.078028,42.340651",,,,,,,,,
1001,107.3," -71.0784336923077,42.3404270769231",,,,,,,,,
1002,61.3," -71.0808072056012,42.3065494497879",,,,,,,,,
1003,84.4," -71.1302824,42.2978789",,,,,,,,,
1004,0," -71.0595677,42.3604823",,,,,,,,,
1005,64.7," -71.0873637402351,42.2973385161478",,,,,,,,,
1006,66.9," -71.077559,42.306577",,,,,,,,,
1007,68.6," -71.1299528,42.3726874",,,,,,,,,
1008,56.6," -71.0840916195944,42.3288080050642",,,,,,,,,
1009,46.7," -71.0978006,42.3262952",,,,,,,,,
1010,124.9," -71.0873637402351,42.2973385161478",,,,,,,,,
1011,0," -71.0595677,42.3604823",,,,,,,,,
1012,93.6," -71.0583778,42.3076775",,,,,,,,,
1013,120," -71.0929772717796,42.3385607951293",,,,,,,,,
1014,70.3," -71.0837284615385,42.3326010769231",,,,,,,,,
1015,48.9," -71.0969340662503,42.3447203891684",,,,,,,,,
1016,71.5," -71.0640734022474,42.3779352550425",,,,,,,,,
1017,65.8," -71.061446,42.353495",,,,,,,,,
1018,107.5," -71.0601913110678,42.3569107897836",,,,,,,,,
1019,101.5," -71.0828308333333,42.2934851666667",,,,,,,,,
1020,95.1," -71.0665936375383,42.3511068446607",,,,,,,,,
1021,28.4," -71.085876,42.334747",,,,,,,,,
1022,63.7," -71.0977248125,42.3332994895833",,,,,,,,,
1023,61.5," -71.098903,42.334393",,,,,,,,,
1024,63.3," -71.0974774693878,42.335245",,,,,,,,,
1025,30.7," -71.100944,42.336316",,,,,,,,,
1026,83.6," -71.063299,42.352786",,,,,,,,,
1027,114.8," -71.103151516129,42.3371007741935",,,,,,,,,
1028,100.5," -71.0862509,42.306811",,,,,,,,,
1029,77.1," -71.0677813,42.3610197",,,,,,,,,
1030,50.5," -71.0985272010625,42.3270935337112",,,,,,,,,
1031,17.2," -71.0718540937011,42.2717912170899",,,,,,,,,
1032,37.7," -71.0811192,42.3327667",,,,,,,,,
1033,113.2," -71.073768,42.341461",,,,,,,,,
1034,103.8," -71.173035,42.27114",,,,,,,,,
1035,79," -71.079649,42.3028442727273",,,,,,,,,
1036,86.9," -71.0530261255275,42.3538413664739",,,,,,,,,
1037,68.1," -71.0889292508428,42.3123038490588",,,,,,,,,
1038,52.7," -71.0557401481729,42.3330657182443",,,,,,,,,
1039,0," -71.0595677,42.3604823",,,,,,,,,
1040,122.8," -71.0710157615451,42.2900760781969",,,,,,,,,
1041,20.2," -71.1064048,42.3501002",,,,,,,,,
1042,126.1," -71.0808157853195,42.3374626228182",,,,,,,,,
1043,68.6," -71.0766369,42.307077",,,,,,,,,
1044,118.1," -71.0605936190476,42.3502837857143",,,,,,,,,
1045,58.2," -71.0770912,42.3362922",,,,,,,,,
1046,114.3," -71.0784028540945,42.313767775299",,,,,,,,,
1047,81.2," -71.1043093595602,42.3181595789606",,,,,,,,,
1048,0," -71.0595677,42.3604823",,,,,,,,,
1049,144.7," -71.0771800909091,42.3084065454545",,,,,,,,,
1050,54.9," -71.1498324142066,42.3483175680254",,,,,,,,,
1051,61.2," -71.063576193609,42.3639816234335",,,,,,,,,
1052,68.6," -71.101681,42.33483",,,,,,,,,
1053,131.9," -71.060386528526,42.3029620850547",,,,,,,,,
1054,84.8," -71.0864534788797,42.3432903198023",,,,,,,,,
1055,62," -71.077818,42.335974",,,,,,,,,
1056,0," -71.0595677,42.3604823",,,,,,,,,
1057,58," -71.0978006,42.3262952",,,,,,,,,
1058,106.1," -71.0630854545455,42.2904820909091",,,,,,,,,
1059,62.2," -71.0903334064462,42.3107149098088",,,,,,,,,
1060,0," -71.0595677,42.3604823",,,,,,,,,
1061,49.2," -71.0826802484106,42.3231406597758",,,,,,,,,
1062,44.7," -71.03643,42.376725",,,,,,,,,
1063,88.6," -71.084285,42.331918",,,,,,,,,
1064,0," -71.0595677,42.3604823",,,,,,,,,
1065,39.3," -71.062598,42.3477",,,,,,,,,
1066,54.7," -71.0510155,42.3506088",,,,,,,,,
1067,77.9," -71.0930714,42.2921999",,,,,,,,,
1068,27.3," -71.0510155,42.3506088",,,,,,,,,
1069,74.4," -71.1025305800892,42.3152385599614",,,,,,,,,
1070,65.5," -71.06735075,42.377674",,,,,,,,,
1071,0," -71.0595677,42.3604823",,,,,,,,,
1072,0," -71.0595677,42.3604823",,,,,,,,,
1073,27.6," -71.0997067494701,42.3204754735575",,,,,,,,,
1074,98.8," -71.1441112711686,42.36096995",,,,,,,,,
1075,52.5," -71.0811192,42.3327667",,,,,,,,,
1076,0," -71.0595677,42.3604823",,,,,,,,,
1077,42.4," -71.05119425,42.366293",,,,,,,,,
1078,61.3," -71.1064048,42.3501002",,,,,,,,,
1079,44.5," -71.0930714,42.2921999",,,,,,,,,
1080,52," -71.0681,42.341839",,,,,,,,,
1081,120.8," -71.1702179,42.354826",,,,,,,,,
1082,94.9," -71.1070080625,42.2870433958333",,,,,,,,,
1083,80," -71.138213,42.34895",,,,,,,,,
1084,58.6," -71.1374331304348,42.3470646086957",,,,,,,,,
1085,67.7," -71.0737427054209,42.2977240333087",,,,,,,,,
1086,73.7," -71.0885175185185,42.3453303333333",,,,,,,,,
1087,83.8," -71.1551269680882,42.3387612361519",,,,,,,,,
1088,83.6," -71.0602524,42.3582926",,,,,,,,,
1089,141.3," -71.0978006,42.3262952",,,,,,,,,
1090,56.7," -71.0885279047619,42.3437836190476",,,,,,,,,
1091,141.9," -71.0811192,42.3327667",,,,,,,,,
1092,0," -71.0595677,42.3604823",,,,,,,,,
1093,96.7," -71.0950895843145,42.2884329053226",,,,,,,,,
1094,0," -71.0595677,42.3604823",,,,,,,,,
1095,67.6," -71.119153,42.261893",,,,,,,,,
1096,0," -71.0595677,42.3604823",,,,,,,,,
1097,62.9," -71.0766369,42.307077",,,,,,,,,
1098,59.2," -71.0811192,42.3327667",,,,,,,,,
1099,63.2," -71.09690595,42.3148827",,,,,,,,,
1100,0," -71.0595677,42.3604823",,,,,,,,,
1101,0," -71.0595677,42.3604823",,,,,,,,,
1102,20.6," -71.089654,42.343956",,,,,,,,,
1103,69.7," -71.0946666814179,42.3155941632235",,,,,,,,,
1104,130.6," -71.0766369,42.307077",,,,,,,,,
1105,59.7," -71.0846813973026,42.3068160105322",,,,,,,,,
1106,250.2," -71.0811192,42.3327667",,,,,,,,,
1107,0," -71.0700179,42.272249",,,,,,,,,
1108,89.7," -71.0843425853541,42.3150111660055",,,,,,,,,
1109,43.4," -71.0484464,42.3516377",,,,,,,,,
1110,18.6," -71.0484464,42.3516377",,,,,,,,,
1111,64.1," -71.0681097531242,42.27191666686",,,,,,,,,
1112,54.6," -71.066675,42.363541",,,,,,,,,
1113,94.5," -71.0637301551079,42.3542447833606",,,,,,,,,
1114,71.7," -71.0959047916667,42.3162415833333",,,,,,,,,
1115,65.4," -71.033021,42.37145",,,,,,,,,
1116,90," -71.0811192,42.3327667",,,,,,,,,
1117,0," -71.0595677,42.3604823",,,,,,,,,
1118,0," -71.0595677,42.3604823",,,,,,,,,
1119,0," -71.0595677,42.3604823",,,,,,,,,
1120,41.2," -71.0885140836001,42.3462507291",,,,,,,,,
1121,9.5," -71.0740179703633,42.3542147644092",,,,,,,,,
1122,41.5," -71.0530221,42.3577005",,,,,,,,,
1123,26.6," -71.0833886579831,42.3130736465209",,,,,,,,,
1124,44.1," -71.0876039925199,42.315343243605",,,,,,,,,
1125,171.2," -71.0541072,42.3541385",,,,,,,,,
1126,63," -71.0501843,42.347379",,,,,,,,,
1127,36," -71.0786810976485,42.3463534012083",,,,,,,,,
1128,97.1," -71.1161479051181,42.2789450717457",,,,,,,,,
1129,74.3," -71.1397686080437,42.2740537216087",,,,,,,,,
1130,95.9," -71.1402431666667,42.350417",,,,,,,,,
1131,79.5," -71.0527589,42.366251",,,,,,,,,
1132,74.6," -71.0811192,42.3327667",,,,,,,,,
1133,8.3," -71.0529677447017,42.3626799746692",,,,,,,,,
1134,200.3," -71.0783455,42.32148725",,,,,,,,,
1135,65.5," -71.0678596,42.2721878",,,,,,,,,
1136,32," -71.0811192,42.3327667",,,,,,,,,
1137,8.9," -71.0516721836735,42.3755825510204",,,,,,,,,
1138,47.4," -71.145998,42.36095",,,,,,,,,
1139,14.2," -71.050914,42.347036",,,,,,,,,
1140,84.1," -71.0824147620525,42.3348596430788",,,,,,,,,
1141,82.2," -71.0811192,42.3327667",,,,,,,,,
1142,45.5," -71.049141,42.3499065",,,,,,,,,
1143,10.5," -71.1205589,42.287878",,,,,,,,,
1144,28.8," -71.0882632592398,42.3458864506899",,,,,,,,,
1145,103.6," -71.0735861656833,42.3046977515569",,,,,,,,,
1146,75.9," -71.0950402681745,42.3425217616226",,,,,,,,,
1147,76.5," -71.1064048,42.3501002",,,,,,,,,
1148,95.6," -71.0977784922188,42.342561423808",,,,,,,,,
1149,74.2," -71.079717,42.346093875",,,,,,,,,
1150,60.3," -71.077516,42.350636",,,,,,,,,
1151,42.4," -71.1510824693878,42.3374959795918",,,,,,,,,
1152,60.8," -71.115426,42.3222244",,,,,,,,,
1153,11.6," -71.089269,42.294581",,,,,,,,,
1154,55.9," -71.081592,42.271411",,,,,,,,,
1155,22.7," -71.1027839183928,42.3057204969629",,,,,,,,,
1156,1.4," -71.0782252340213,42.3299374859521",,,,,,,,,
1157,106," -71.0420131364214,42.369959317625",,,,,,,,,
1158,30.8," -71.0874736190476,42.3436219523809",,,,,,,,,
1159,62.2," -71.06748025,42.3484123125",,,,,,,,,
1160,119.4," -71.0935199926019,42.3464362345438",,,,,,,,,
1161,80.3," -71.1478925389941,42.3402052380177",,,,,,,,,
1162,130.9," -71.1567863333333,42.341983",,,,,,,,,
1163,176.3," -71.134867,42.346888",,,,,,,,,
1164,141.6," -71.101195372093,42.3420044651163",,,,,,,,,
1165,0," -71.0595677,42.3604823",,,,,,,,,
1166,96.4," -71.0566106326531,42.354852755102",,,,,,,,,
1167,69," -71.0566106326531,42.354852755102",,,,,,,,,
1168,78.8," -71.0591708740591,42.3666565071792",,,,,,,,,
1169,65.2," -71.0634468250985,42.3537612407317",,,,,,,,,
1170,66.4," -71.0812989,42.3403118",,,,,,,,,
1171,78.4," -71.0812989,42.3403118",,,,,,,,,
1172,64.4," -71.0625593165061,42.3556158194181",,,,,,,,,
1173,84.8," -71.0825449,42.3433448",,,,,,,,,
1174,0," -71.0595677,42.3604823",,,,,,,,,
1175,0," -71.0595677,42.3604823",,,,,,,,,
1176,0," -71.0595677,42.3604823",,,,,,,,,
1177,82.3," -71.0477184355302,42.3510571163543",,,,,,,,,
1178,139.2," -71.047307582632,42.3512563107394",,,,,,,,,
1179,97," -71.046892,42.351204",,,,,,,,,
1180,82.2," -71.0471635,42.3508653",,,,,,,,,
1181,58.5," -71.1498873430132,42.2865518698876",,,,,,,,,
1182,108.9," -71.0811192,42.3327667",,,,,,,,,
1183,0," -71.13860525,42.2343883382353",,,,,,,,,
1184,0," -71.0595677,42.3604823",,,,,,,,,
1185,2192.8," -71.0413941428571,42.3336832857143",,,,,,,,,
1186,59.7," -71.099676715217,42.3228338135772",,,,,,,,,
1187,78.1," -71.04009,42.380624",,,,,,,,,
1188,86.6," -71.065221,42.3500835",,,,,,,,,
1189,44.1," -71.0684060612245,42.3506551734694",,,,,,,,,
1190,30.1," -71.146655346125,42.3433275191875",,,,,,,,,
1191,88.1," -71.1268840483857,42.2552926931494",,,,,,,,,
1192,567.9," -71.0961315,42.3490383",,,,,,,,,
1193,22.8," -71.0759242857143,42.2982847142857",,,,,,,,,
1194,146.3," -71.1064048,42.3501002",,,,,,,,,
1195,0," -71.1110594552616,42.3298062774535",,,,,,,,,
1196,94.9," -71.0671763,42.3504855",,,,,,,,,
1197,0," -71.0595677,42.3604823",,,,,,,,,
1198,228.5," -71.031143,42.3483534",,,,,,,,,
1199,0," -71.0595677,42.3604823",,,,,,,,,
1200,0," -71.0595677,42.3604823",,,,,,,,,
1201,0," -71.0595677,42.3604823",,,,,,,,,
1202,91.1," -71.115737,42.321185",,,,,,,,,
1203,138.2," -71.0627320850438,42.3588962364056",,,,,,,,,
1204,0," -71.0595677,42.3604823",,,,,,,,,
1205,105.6," -71.0678596,42.2721878",,,,,,,,,
1206,9," -71.0965269,42.29306",,,,,,,,,
1207,153.4," -71.0965269,42.29306",,,,,,,,,
1208,26.4," -71.0965269,42.29306",,,,,,,,,
1209,113.3," -71.0965269,42.29306",,,,,,,,,
1210,8.6," -71.143304,42.276873",,,,,,,,,
1211,738.9," -71.0348292,42.3465637",,,,,,,,,
1212,62.8," -71.1361599090909,42.3599718409091",,,,,,,,,
1213,58," -71.0522108807647,42.3616245195829",,,,,,,,,
1214,25.4," -71.096754,42.292637",,,,,,,,,
1215,121.7," -71.0534828,42.3577298",,,,,,,,,
1216,68," -71.0926912,42.3469348",,,,,,,,,
1217,0," -71.0658937039853,42.3675898989457",,,,,,,,,
1218,53.3," -71.0510155,42.3506088",,,,,,,,,
1219,84.5," -71.0574654333333,42.3511781",,,,,,,,,
1220,104," -71.0602524,42.3582926",,,,,,,,,
1221,47878.2," -71.0719802931296,42.3526801",,,,,,,,,
1222,42.5," -71.041351,42.29085275",,,,,,,,,
1223,51.6," -71.0463644375,42.2933178541667",,,,,,,,,
1224,73.2," -71.0739695027652,42.35216415",,,,,,,,,
1225,27.1," -71.058083,42.332902",,,,,,,,,
1226,66.3," -71.0765386,42.350552",,,,,,,,,
1227,67.3," -71.0752674986934,42.3315176661487",,,,,,,,,
1228,89.7," -71.06659,42.374694",,,,,,,,,
1229,127.3," -71.0468628,42.3133432",,,,,,,,,
1230,51.1," -71.1064048,42.3501002",,,,,,,,,
1231,63.8," -71.1148895021778,42.3051261",,,,,,,,,
1232,101.7," -71.1293532512514,42.36413445",,,,,,,,,
1233,45.2," -71.1260061712428,42.3612213559844",,,,,,,,,
1234,64.9," -71.12759249263,42.3620582",,,,,,,,,
1235,202.3," -71.1302824,42.2978789",,,,,,,,,
1236,204.2," -71.1302824,42.2978789",,,,,,,,,
1237,168," -71.0626237,42.360981",,,,,,,,,
1238,80.9," -71.0608311875,42.356945625",,,,,,,,,
1239,0," -71.091129,42.346426",,,,,,,,,
1240,117.9," -71.071004,42.344391",,,,,,,,,
1241,60.3," -71.092976,42.348164",,,,,,,,,
1242,27874.2," -71.0619589765625,42.356664421875",,,,,,,,,
1243,179.1," -71.1577080396888,42.2972460763117",,,,,,,,,
1244,75.9," -71.05433616,42.35450908",,,,,,,,,
1245,83," -71.0607625625,42.356914875",,,,,,,,,
1246,101.8," -71.0527727,42.3565905",,,,,,,,,
1247,35.7," -71.0550157058824,42.3573502352941",,,,,,,,,
1248,123," -71.0418068883427,42.2876768082564",,,,,,,,,
1249,72.2," -71.0603943863674,42.3646554915519",,,,,,,,,
1250,51.2," -71.0590352,42.3523573",,,,,,,,,
1251,5.6," -71.099550949891,42.3228211528954",,,,,,,,,
1252,49.4," -71.0730644443251,42.3173039305459",,,,,,,,,
1253,8.7," -71.1147859535601,42.31303375",,,,,,,,,
1254,38.1," -71.1158979,42.27598",,,,,,,,,
1255,6.9," -71.1377489,42.235045",,,,,,,,,
1256,39," -71.0585068148148,42.3654396296296",,,,,,,,,
1257,85.4," -71.0542048307484,42.3232763164567",,,,,,,,,
1258,72.4," -71.0558562559943,42.3361314276105",,,,,,,,,
1259,16," -71.05004059528,42.359995689179",,,,,,,,,
1260,549," -71.089405,42.345514",,,,,,,,,
1261,68.5," -71.0660510905779,42.3461416370683",,,,,,,,,
1262,34.8," -71.0615016953021,42.3810886888142",,,,,,,,,
1263,92," -71.0963416,42.3452146",,,,,,,,,
1264,67.2," -71.0957885018531,42.3451906532828",,,,,,,,,
1265,260.1," -71.0923193,42.3392795",,,,,,,,,
1266,46.7," -71.0617943,42.3596956",,,,,,,,,
1267,76," -71.0953122,42.348656",,,,,,,,,
1268,0," -71.156887637947,42.3570589329117",,,,,,,,,
1269,36.1," -71.0660211997076,42.3462074863877",,,,,,,,,
1270,116.4," -71.0642996246376,42.36092985",,,,,,,,,
1271,48.9," -71.0520542461909,42.3572940289403",,,,,,,,,
1272,111.8," -71.0620533947368,42.3563202105263",,,,,,,,,
1273,52.9," -71.074371,42.3327185",,,,,,,,,
1274,11.2," -71.05068471875,42.3579114375",,,,,,,,,
1275,96.9," -71.0498057910595,42.358119",,,,,,,,,
1276,28.7," -71.0133917852729,42.387049025671",,,,,,,,,
1277,59.9," -71.085772,42.34865",,,,,,,,,
1278,40.9," -71.1096880408163,42.3282878163265",,,,,,,,,
1279,38.7," -71.05933,42.376634",,,,,,,,,
1280,50.2," -71.0510155,42.3506088",,,,,,,,,
1281,203.8," -71.0812989,42.3403118",,,,,,,,,
1282,0," -71.0593016392992,42.3535354295569",,,,,,,,,
1283,0," -71.0660927798757,42.350336988808",,,,,,,,,
1284,0," -71.0633485510204,42.3760128163265",,,,,,,,,
1285,10.9," -71.0589050714286,42.3050072142857",,,,,,,,,
1286,59," -71.069289,42.346669",,,,,,,,,
1287,105.5," -71.0719408842328,42.3296268835271",,,,,,,,,
1288,75.6," -71.065266332395,42.3656641348955",,,,,,,,,
1289,41.7," -71.051889,42.344896",,,,,,,,,
1290,84.7," -71.0501984285714,42.3472948979592",,,,,,,,,
1291,40.2," -71.1025936165088,42.3158152121949",,,,,,,,,
1292,0," -71.058622,42.356866",,,,,,,,,
1293,49.1," -71.055342,42.363087",,,,,,,,,
1294,15763.6," -71.1474362563768,42.3609151592029",,,,,,,,,
1295,90.8," -71.0640122345739,42.3240869818805",,,,,,,,,
1296,275.9," -71.1302824,42.2978789",,,,,,,,,
1297,34451.6," -71.0602524,42.3582926",,,,,,,,,
1298,39.1," -71.049327,42.349401",,,,,,,,,
1299,124.7," -71.0475591609579,42.3365724905347",,,,,,,,,
1300,84.8," -71.1321601569144,42.3101285",,,,,,,,,
1301,6.7," -71.062685,42.358607",,,,,,,,,
1302,84.5," -71.111363359087,42.2543943248049",,,,,,,,,
1303,1.9," -71.0554687284612,42.332966915318",,,,,,,,,
1304,27.4," -71.0811192,42.3327667",,,,,,,,,
1305,70.1," -71.067232,42.318132",,,,,,,,,
1306,103.1," -71.139819,42.362501",,,,,,,,,
1307,42.5," -71.0579402,42.3521641",,,,,,,,,
1308,108.3," -71.069489,42.33822375",,,,,,,,,
1309,84.4," -71.0771186,42.3504013",,,,,,,,,
1310,7.2," -71.0543063392857,42.3534124464286",,,,,,,,,
1311,23," -71.0811192,42.3327667",,,,,,,,,
1312,96.8," -71.1273039387755,42.2822190204082",,,,,,,,,
1313,58.5," -71.0585789350793,42.3663232340471",,,,,,,,,
1314,47.4," -71.0541072,42.3541385",,,,,,,,,
1315,47.4," -71.0571644883997,42.3581072425518",,,,,,,,,
1316,81.7," -71.0717561052632,42.3815161578947",,,,,,,,,
1317,193.4," -71.124142,42.271806",,,,,,,,,
1318,683.1," -71.0427396,42.3456152",,,,,,,,,
1319,49.2," -71.0812989,42.3403118",,,,,,,,,
1320,20.2," -71.1298319170421,42.2441958751785",,,,,,,,,
1321,35.6," -71.0961315,42.3490383",,,,,,,,,
1322,29.6," -71.071808,42.332625",,,,,,,,,
1323,77.9," -71.0750287272727,42.3537626363636",,,,,,,,,
1324,82," -71.085286875,42.3367236875",,,,,,,,,
1325,82.2," -71.0881589379965,42.3243950180668",,,,,,,,,
1326,91.6," -71.0702131923077,42.3450059230769",,,,,,,,,
1327,70898.6," -71.0602524,42.3582926",,,,,,,,,
1328,117402.6," -71.0606626666667,42.3503045",,,,,,,,,
1329,0," -71.0994404651163,42.3202294651163",,,,,,,,,
1330,26.5," -71.1265261,42.3578102",,,,,,,,,
1331,0," -71.0609402926991,42.3731924748547",,,,,,,,,
1332,81.3," -71.0766369,42.307077",,,,,,,,,
1333,36859.1," -71.0622523960408,42.3569107997723",,,,,,,,,
1334,0," -71.0687258473981,42.3838344039796",,,,,,,,,
1335,83.1," -71.0484464,42.3516377",,,,,,,,,
1336,0," -71.1688892144043,42.2933375616721",,,,,,,,,
1337,0," -71.067139725,42.341430325",,,,,,,,,
1338,0," -71.0811192,42.3327667",,,,,,,,,
1339,0," -71.0830346330737,42.3429478542585",,,,,,,,,
1340,0," -71.0833886579831,42.3130736465209",,,,,,,,,
1341,0," -71.0778763355583,42.3019196547359",,,,,,,,,
1342,0," -71.0833886579831,42.3130736465209",,,,,,,,,
1343,0," -71.0833886579831,42.3130736465209",,,,,,,,,
1344,86.5," -71.1480729,42.341475",,,,,,,,,
1345,72.6," -71.0766369,42.307077",,,,,,,,,
1346,26.6," -71.1524641294569,42.3396932420022",,,,,,,,,
1347,86.3," -71.0906384753736,42.3464527211091",,,,,,,,,
1348,122.5," -71.0895604,42.3457648",,,,,,,,,
1349,31.6," -71.0631319,42.3641825",,,,,,,,,
1350,60.5," -71.1236097346939,42.2574420204082",,,,,,,,,
1351,53.2," -71.0812989,42.3403118",,,,,,,,,
1352,33.9," -71.035794324724,42.34008965",,,,,,,,,
1353,84.1," -71.1302824,42.2978789",,,,,,,,,
1354,3.3," -71.1480932425733,42.355976858962",,,,,,,,,
1355,5.5," -71.0946889462196,42.3448636025396",,,,,,,,,
1356,179.3," -71.0623275505405,42.351430439913",,,,,,,,,
1357,137.7," -71.107728125739,42.3269996543568",,,,,,,,,
1358,90.1," -71.0763159,42.33697",,,,,,,,,
1359,218.2," -71.1302824,42.2978789",,,,,,,,,
1360,61," -71.0577268888889,42.3286133777778",,,,,,,,,
1361,56.6," -71.101848401722,42.3237996",,,,,,,,,
1362,137.6," -71.0470046206896,42.3516503103448",,,,,,,,,
1363,78.2," -71.1146596614309,42.2545629368283",,,,,,,,,
1364,28.8," -71.0377417959184,42.3826816326531",,,,,,,,,
1365,52.8," -71.1109471919,42.3091428",,,,,,,,,
1366,87.1," -71.1479095,42.35687",,,,,,,,,
1367,29.9," -71.1480946734462,42.3574715445733",,,,,,,,,
1368,22.7," -71.0811192,42.3327667",,,,,,,,,
1369,9.3," -71.108433,42.264766",,,,,,,,,
1370,57.1," -71.076635,42.338123",,,,,,,,,
1371,64.3," -71.0721142554799,42.3300785312339",,,,,,,,,
1372,28.5," -71.0654093333333,42.3425395714286",,,,,,,,,
1373,155.1," -71.082942,42.337132",,,,,,,,,
1374,107.85," -71.0623328,42.3594755",,,,,,,,,
1375,52," -71.067486,42.3512453333333",,,,,,,,,
1376,0," -71.0595677,42.3604823",,,,,,,,,
1377,15763.6," -71.1474362563768,42.3609151592029",,,,,,,,,
1378,0," -71.0595677,42.3604823",,,,,,,,,
1379,14.2," -71.0767221210259,42.351079989477",,,,,,,,,
1380,0," -71.0595677,42.3604823",,,,,,,,,
1381,0," -71.0595677,42.3604823",,,,,,,,,
1382,0," -71.0595677,42.3604823",,,,,,,,,
1383,0," -71.0595677,42.3604823",,,,,,,,,
1384,0," -71.0595677,42.3604823",,,,,,,,,
1385,41.1," -71.0865919148825,42.3411782821197",,,,,,,,,
1386,0," -71.0595677,42.3604823",,,,,,,,,
1387,0," -71.0595677,42.3604823",,,,,,,,,
1388,0," -71.0595677,42.3604823",,,,,,,,,
1389,0," -71.0595677,42.3604823",,,,,,,,,
1390,0," -71.0595677,42.3604823",,,,,,,,,
1391,0," -71.0595677,42.3604823",,,,,,,,,
1392,96.1," -71.143061,42.349353",,,,,,,,,
1393,0," -71.0595677,42.3604823",,,,,,,,,
1394,0," -71.0595677,42.3604823",,,,,,,,,
1395,0," -71.0595677,42.3604823",,,,,,,,,
1396,0," -71.0595677,42.3604823",,,,,,,,,
1397,0," -71.0595677,42.3604823",,,,,,,,,
1398,0," -71.0595677,42.3604823",,,,,,,,,
1399,0," -71.0595677,42.3604823",,,,,,,,,
1400,70.1," -71.0626756875,42.359122",,,,,,,,,
1401,0," -71.0595677,42.3604823",,,,,,,,,
1402,0," -71.0595677,42.3604823",,,,,,,,,
1403,0," -71.0595677,42.3604823",,,,,,,,,
1404,0," -71.0595677,42.3604823",,,,,,,,,
1405,52.8," -71.1109471919,42.3091428",,,,,,,,,
1406,0," -71.0595677,42.3604823",,,,,,,,,
1407,220.1," -71.0519909,42.30121425",,,,,,,,,
1408,44.8," -71.031742,42.37043",,,,,,,,,
1409,14.2," -71.0767221210259,42.351079989477",,,,,,,,,
1410,0," -71.0595677,42.3604823",,,,,,,,,
1411,0," -71.0595677,42.3604823",,,,,,,,,
1412,0," -71.0595677,42.3604823",,,,,,,,,
1413,0," -71.0595677,42.3604823",,,,,,,,,
1414,0," -71.0595677,42.3604823",,,,,,,,,
1415,0," -71.0595677,42.3604823",,,,,,,,,
1416,0," -71.0595677,42.3604823",,,,,,,,,
1417,0," -71.0595677,42.3604823",,,,,,,,,
1418,54.2," -71.079979,42.350185",,,,,,,,,
1419,0," -71.0595677,42.3604823",,,,,,,,,
1420,0," -71.0595677,42.3604823",,,,,,,,,
1421,0," -71.0595677,42.3604823",,,,,,,,,
1422,8.4," -71.0811192,42.3327667",,,,,,,,,
1423,0," -71.0595677,42.3604823",,,,,,,,,
1424,0," -71.0595677,42.3604823",,,,,,,,,
1425,0," -71.0595677,42.3604823",,,,,,,,,
1426,134.2," -71.0861468045649,42.3412700479101",,,,,,,,,
1427,0," -71.0595677,42.3604823",,,,,,,,,
1428,0," -71.0595677,42.3604823",,,,,,,,,
1429,0," -71.0595677,42.3604823",,,,,,,,,
1430,0," -71.0595677,42.3604823",,,,,,,,,
1431,0," -71.0595677,42.3604823",,,,,,,,,
1432,0," -71.0595677,42.3604823",,,,,,,,,
1433,0," -71.0595677,42.3604823",,,,,,,,,
1434,0," -71.0595677,42.3604823",,,,,,,,,
1435,0," -71.0595677,42.3604823",,,,,,,,,
1436,0," -71.0595677,42.3604823",,,,,,,,,
1437,0," -71.0595677,42.3604823",,,,,,,,,
1438,0," -71.0595677,42.3604823",,,,,,,,,
1439,0," -71.0595677,42.3604823",,,,,,,,,
1440,0," -71.0595677,42.3604823",,,,,,,,,
1441,0," -71.0595677,42.3604823",,,,,,,,,
1442,0," -71.0595677,42.3604823",,,,,,,,,
1443,0," -71.0595677,42.3604823",,,,,,,,,
1444,0," -71.0595677,42.3604823",,,,,,,,,
1445,0," -71.0595677,42.3604823",,,,,,,,,
1446,0," -71.0595677,42.3604823",,,,,,,,,
1447,0," -71.0595677,42.3604823",,,,,,,,,
1448,0," -71.0595677,42.3604823",,,,,,,,,
1449,0," -71.0595677,42.3604823",,,,,,,,,
1450,0," -71.0595677,42.3604823",,,,,,,,,
1451,0," -71.0595677,42.3604823",,,,,,,,,
1452,0," -71.0595677,42.3604823",,,,,,,,,
1453,0," -71.0595677,42.3604823",,,,,,,,,
1454,0," -71.0595677,42.3604823",,,,,,,,,
1455,0," -71.0595677,42.3604823",,,,,,,,,
1456,0," -71.0595677,42.3604823",,,,,,,,,
1457,0," -71.0595677,42.3604823",,,,,,,,,
1458,0," -71.0595677,42.3604823",,,,,,,,,
1459,0," -71.0595677,42.3604823",,,,,,,,,
1460,0," -71.0595677,42.3604823",,,,,,,,,
1461,0," -71.0595677,42.3604823",,,,,,,,,
1462,0," -71.0595677,42.3604823",,,,,,,,,
1463,0," -71.0595677,42.3604823",,,,,,,,,
1464,0," -71.0595677,42.3604823",,,,,,,,,
1465,0," -71.0595677,42.3604823",,,,,,,,,
1466,0," -71.0595677,42.3604823",,,,,,,,,
1467,0," -71.0595677,42.3604823",,,,,,,,,
1468,0," -71.0595677,42.3604823",,,,,,,,,
1469,0," -71.0595677,42.3604823",,,,,,,,,
1470,0," -71.0595677,42.3604823",,,,,,,,,
1471,0," -71.0595677,42.3604823",,,,,,,,,
1472,0," -71.0595677,42.3604823",,,,,,,,,
1473,0," -71.0595677,42.3604823",,,,,,,,,
1474,0," -71.0595677,42.3604823",,,,,,,,,
1475,0," -71.0595677,42.3604823",,,,,,,,,
1476,0," -71.0595677,42.3604823",,,,,,,,,
1477,0," -71.0595677,42.3604823",,,,,,,,,
1478,0," -71.0595677,42.3604823",,,,,,,,,
1479,0," -71.0595677,42.3604823",,,,,,,,,
1480,0," -71.0595677,42.3604823",,,,,,,,,
1481,0," -71.0595677,42.3604823",,,,,,,,,
1482,0," -71.0595677,42.3604823",,,,,,,,,
1483,0," -71.0595677,42.3604823",,,,,,,,,
1484,0," -71.0595677,42.3604823",,,,,,,,,
1485,0," -71.0595677,42.3604823",,,,,,,,,
1486,0," -71.0595677,42.3604823",,,,,,,,,
1487,0," -71.0595677,42.3604823",,,,,,,,,
1488,0," -71.0595677,42.3604823",,,,,,,,,
1489,0," -71.0595677,42.3604823",,,,,,,,,
1490,0," -71.0595677,42.3604823",,,,,,,,,
1491,0," -71.0595677,42.3604823",,,,,,,,,
1492,0," -71.0595677,42.3604823",,,,,,,,,
1493,0," -71.0595677,42.3604823",,,,,,,,,
1494,0," -71.0595677,42.3604823",,,,,,,,,
1495,82.9," -71.0838215892857,42.3422921428571",,,,,,,,,
1496,0," -71.0595677,42.3604823",,,,,,,,,
1497,0," -71.0595677,42.3604823",,,,,,,,,
1498,0," -71.0595677,42.3604823",,,,,,,,,
1499,0," -71.0595677,42.3604823",,,,,,,,,
1500,0," -71.0595677,42.3604823",,,,,,,,,
1501,0," -71.0595677,42.3604823",,,,,,,,,
1502,0," -71.0595677,42.3604823",,,,,,,,,
1503,0," -71.0595677,42.3604823",,,,,,,,,
1504,0," -71.0595677,42.3604823",,,,,,,,,
1505,0," -71.0595677,42.3604823",,,,,,,,,
1506,0," -71.0595677,42.3604823",,,,,,,,,
1507,0," -71.0595677,42.3604823",,,,,,,,,
1508,0," -71.0595677,42.3604823",,,,,,,,,
1509,0," -71.0595677,42.3604823",,,,,,,,,
1510,0," -71.0595677,42.3604823",,,,,,,,,
1511,0," -71.0595677,42.3604823",,,,,,,,,
1512,0," -71.0595677,42.3604823",,,,,,,,,
1513,0," -71.0595677,42.3604823",,,,,,,,,
1514,0," -71.0595677,42.3604823",,,,,,,,,
1515,0," -71.0595677,42.3604823",,,,,,,,,
1516,0," -71.0595677,42.3604823",,,,,,,,,
1517,0," -71.0595677,42.3604823",,,,,,,,,
1518,0," -71.0595677,42.3604823",,,,,,,,,
1519,0," -71.0595677,42.3604823",,,,,,,,,
1520,0," -71.0595677,42.3604823",,,,,,,,,
1521,0," -71.0595677,42.3604823",,,,,,,,,
1522,0," -71.0595677,42.3604823",,,,,,,,,
1523,0," -71.0595677,42.3604823",,,,,,,,,
1524,0," -71.0595677,42.3604823",,,,,,,,,
1525,0," -71.0595677,42.3604823",,,,,,,,,
1526,0," -71.0595677,42.3604823",,,,,,,,,
1527,0," -71.0595677,42.3604823",,,,,,,,,
1528,0," -71.0595677,42.3604823",,,,,,,,,
1529,0," -71.0595677,42.3604823",,,,,,,,,
1530,0," -71.0595677,42.3604823",,,,,,,,,
1531,0," -71.0595677,42.3604823",,,,,,,,,
1532,0," -71.0595677,42.3604823",,,,,,,,,
1533,0," -71.0595677,42.3604823",,,,,,,,,
1534,0," -71.0595677,42.3604823",,,,,,,,,
1535,0," -71.0595677,42.3604823",,,,,,,,,
1536,0," -71.0595677,42.3604823",,,,,,,,,
1537,18.1," -71.0595677,42.3604823",,,,,,,,,
1538,0," -71.0928546639698,42.3469446926791",,,,,,,,,
1539,0," -71.0595677,42.3604823",,,,,,,,,
1540,0," -71.0595677,42.3604823",,,,,,,,,
1541,0," -71.0595677,42.3604823",,,,,,,,,
1542,0," -71.0595677,42.3604823",,,,,,,,,
1543,0," -71.0595677,42.3604823",,,,,,,,,
1544,0," -71.0595677,42.3604823",,,,,,,,,
1545,0," -71.0595677,42.3604823",,,,,,,,,
1546,0," -71.0595677,42.3604823",,,,,,,,,
1547,0," -71.0595677,42.3604823",,,,,,,,,
1548,0," -71.0595677,42.3604823",,,,,,,,,
1549,0," -71.0595677,42.3604823",,,,,,,,,
1550,0," -71.0595677,42.3604823",,,,,,,,,
1551,106," -71.0595677,42.3604823",,,,,,,,,
1552,0," -71.0719532333333,42.3491706166667",,,,,,,,,
1553,0," -71.0595677,42.3604823",,,,,,,,,
1554,0," -71.0595677,42.3604823",,,,,,,,,
1555,0," -71.0595677,42.3604823",,,,,,,,,
1556,0," -71.0595677,42.3604823",,,,,,,,,
1557,0," -71.0595677,42.3604823",,,,,,,,,
1558,0," -71.0595677,42.3604823",,,,,,,,,
1559,0," -71.0595677,42.3604823",,,,,,,,,
1560,0," -71.0595677,42.3604823",,,,,,,,,
1561,0," -71.0595677,42.3604823",,,,,,,,,
1562,0," -71.0595677,42.3604823",,,,,,,,,
1563,0," -71.0595677,42.3604823",,,,,,,,,
1564,0," -71.0595677,42.3604823",,,,,,,,,
1565,0," -71.0595677,42.3604823",,,,,,,,,
1566,0," -71.0595677,42.3604823",,,,,,,,,
1567,0," -71.0595677,42.3604823",,,,,,,,,
1568,0," -71.0595677,42.3604823",,,,,,,,,
1569,0," -71.0595677,42.3604823",,,,,,,,,
1570,0," -71.0595677,42.3604823",,,,,,,,,
1571,0," -71.0595677,42.3604823",,,,,,,,,
1572,0," -71.0595677,42.3604823",,,,,,,,,
1573,0," -71.0595677,42.3604823",,,,,,,,,
1574,0," -71.0595677,42.3604823",,,,,,,,,
1575,0," -71.0595677,42.3604823",,,,,,,,,
1576,0," -71.0595677,42.3604823",,,,,,,,,
1577,0," -71.0595677,42.3604823",,,,,,,,,
1578,0," -71.0595677,42.3604823",,,,,,,,,
1579,0," -71.0595677,42.3604823",,,,,,,,,
1580,0," -71.0595677,42.3604823",,,,,,,,,
1581,0," -71.0595677,42.3604823",,,,,,,,,
1582,0," -71.0595677,42.3604823",,,,,,,,,
1583,0," -71.0595677,42.3604823",,,,,,,,,
1584,0," -71.0595677,42.3604823",,,,,,,,,
1585,0," -71.0595677,42.3604823",,,,,,,,,
1586,0," -71.0595677,42.3604823",,,,,,,,,
1587,0," -71.0595677,42.3604823",,,,,,,,,
1588,0," -71.0595677,42.3604823",,,,,,,,,
1589,0," -71.0595677,42.3604823",,,,,,,,,
1590,0," -71.0595677,42.3604823",,,,,,,,,
1591,0," -71.0595677,42.3604823",,,,,,,,,
1592,0," -71.0595677,42.3604823",,,,,,,,,
1593,0," -71.0595677,42.3604823",,,,,,,,,
1594,0," -71.0595677,42.3604823",,,,,,,,,
1595,0," -71.0595677,42.3604823",,,,,,,,,
1596,0," -71.0595677,42.3604823",,,,,,,,,
1597,0," -71.0595677,42.3604823",,,,,,,,,
1598,0," -71.0595677,42.3604823",,,,,,,,,
1599,0," -71.0595677,42.3604823",,,,,,,,,
1600,0," -71.0595677,42.3604823",,,,,,,,,
1601,0," -71.0595677,42.3604823",,,,,,,,,
1602,0," -71.0595677,42.3604823",,,,,,,,,
1603,0," -71.0595677,42.3604823",,,,,,,,,
1604,0," -71.0595677,42.3604823",,,,,,,,,
1605,0," -71.0595677,42.3604823",,,,,,,,,
1606,0," -71.0595677,42.3604823",,,,,,,,,
1607,0," -71.0595677,42.3604823",,,,,,,,,
1608,0," -71.0595677,42.3604823",,,,,,,,,
1609,0," -71.0595677,42.3604823",,,,,,,,,
1610,0," -71.0595677,42.3604823",,,,,,,,,
1611,0," -71.0595677,42.3604823",,,,,,,,,
1612,0," -71.0595677,42.3604823",,,,,,,,,
1613,0," -71.0595677,42.3604823",,,,,,,,,
1614,0," -71.0595677,42.3604823",,,,,,,,,
1615,0," -71.1282176,42.2330023",,,,,,,,,
1616,0," -71.0595677,42.3604823",,,,,,,,,
1617,0," -71.0595677,42.3604823",,,,,,,,,
1618,0," -71.0595677,42.3604823",,,,,,,,,
1619,0," -71.0595677,42.3604823",,,,,,,,,
1620,0," -71.0595677,42.3604823",,,,,,,,,
1621,0," -71.0595677,42.3604823",,,,,,,,,
1622,0," -71.0595677,42.3604823",,,,,,,,,
1623,0," -71.0595677,42.3604823",,,,,,,,,
1624,0," -71.0595677,42.3604823",,,,,,,,,
1625,0," -71.0595677,42.3604823",,,,,,,,,
1626,0," -71.0595677,42.3604823",,,,,,,,,
1627,0," -71.0595677,42.3604823",,,,,,,,,
1628,0," -71.0595677,42.3604823",,,,,,,,,
1629,0," -71.0595677,42.3604823",,,,,,,,,
1630,0," -71.0595677,42.3604823",,,,,,,,,
1631,0," -71.0595677,42.3604823",,,,,,,,,
1632,0," -71.0595677,42.3604823",,,,,,,,,
1633,0," -71.0595677,42.3604823",,,,,,,,,
1634,0," -71.0595677,42.3604823",,,,,,,,,
1635,0," -71.0595677,42.3604823",,,,,,,,,
1636,0," -71.0595677,42.3604823",,,,,,,,,
1637,0," -71.0595677,42.3604823",,,,,,,,,
1638,0," -71.0595677,42.3604823",,,,,,,,,
1639,91.7," -71.0595677,42.3604823",,,,,,,,,
1640,0," -71.11727467438,42.2678388176484",,,,,,,,,
1641,0," -71.0595677,42.3604823",,,,,,,,,
1642,0," -71.0595677,42.3604823",,,,,,,,,
1643,0," -71.0595677,42.3604823",,,,,,,,,
1644,0," -71.0595677,42.3604823",,,,,,,,,
1645,0," -71.0595677,42.3604823",,,,,,,,,
1646,0," -71.0595677,42.3604823",,,,,,,,,
1647,0," -71.0595677,42.3604823",,,,,,,,,
1648,0," -71.0595677,42.3604823",,,,,,,,,
1649,0," -71.0595677,42.3604823",,,,,,,,,
1650,0," -71.0595677,42.3604823",,,,,,,,,
1651,0," -71.0595677,42.3604823",,,,,,,,,
1652,0," -71.0595677,42.3604823",,,,,,,,,
1653,0," -71.0595677,42.3604823",,,,,,,,,
1654,0," -71.0595677,42.3604823",,,,,,,,,
1655,0," -71.0595677,42.3604823",,,,,,,,,
1656,0," -71.0595677,42.3604823",,,,,,,,,
1657,28.8," -71.0595677,42.3604823",,,,,,,,,
1658,0," -71.1481518152954,42.3606870300939",,,,,,,,,
1659,0," -71.0595677,42.3604823",,,,,,,,,
1660,0," -71.0595677,42.3604823",,,,,,,,,
1661,0," -71.0595677,42.3604823",,,,,,,,,
1662,0," -71.0595677,42.3604823",,,,,,,,,
1663,0," -71.0595677,42.3604823",,,,,,,,,
1664,0," -71.0595677,42.3604823",,,,,,,,,
1665,0," -71.0595677,42.3604823",,,,,,,,,
1666,71.3," -71.0595677,42.3604823",,,,,,,,,
1667,0," -71.0827729,42.309753",,,,,,,,,
1668,0," -71.0595677,42.3604823",,,,,,,,,
1669,0," -71.0595677,42.3604823",,,,,,,,,
1670,0," -71.0595677,42.3604823",,,,,,,,,
1671,0," -71.0595677,42.3604823",,,,,,,,,
1672,0," -71.0595677,42.3604823",,,,,,,,,
1673,0," -71.0595677,42.3604823",,,,,,,,,
1674,0," -71.0595677,42.3604823",,,,,,,,,
1675,0," -71.0595677,42.3604823",,,,,,,,,
1676,0," -71.0595677,42.3604823",,,,,,,,,
1677,0," -71.0595677,42.3604823",,,,,,,,,
1678,0," -71.0595677,42.3604823",,,,,,,,,
1679,0," -71.0595677,42.3604823",,,,,,,,,
1680,0," -71.0595677,42.3604823",,,,,,,,,
1681,0," -71.0595677,42.3604823",,,,,,,,,
1682,0," -71.0595677,42.3604823",,,,,,,,,
1683,0," -71.0595677,42.3604823",,,,,,,,,
1684,0," -71.0595677,42.3604823",,,,,,,,,
1685,0," -71.0595677,42.3604823",,,,,,,,,
1686,0," -71.0595677,42.3604823",,,,,,,,,
1687,0," -71.0595677,42.3604823",,,,,,,,,
1688,0," -71.0595677,42.3604823",,,,,,,,,
1689,0," -71.0595677,42.3604823",,,,,,,,,
1690,0," -71.0595677,42.3604823",,,,,,,,,
1691,0," -71.0595677,42.3604823",,,,,,,,,
1692,0," -71.0595677,42.3604823",,,,,,,,,
1693,0," -71.0595677,42.3604823",,,,,,,,,
1694,0," -71.0595677,42.3604823",,,,,,,,,
1695,0," -71.0595677,42.3604823",,,,,,,,,
1696,0," -71.0595677,42.3604823",,,,,,,,,
1697,0," -71.0595677,42.3604823",,,,,,,,,
1698,0," -71.0595677,42.3604823",,,,,,,,,
1699,0," -71.0595677,42.3604823",,,,,,,,,
1700,0," -71.0595677,42.3604823",,,,,,,,,
1701,0," -71.0595677,42.3604823",,,,,,,,,
1702,0," -71.0595677,42.3604823",,,,,,,,,
1703,0," -71.0595677,42.3604823",,,,,,,,,
1704,0," -71.0595677,42.3604823",,,,,,,,,
1705,0," -71.0595677,42.3604823",,,,,,,,,
1706,0," -71.0595677,42.3604823",,,,,,,,,
1707,0," -71.0595677,42.3604823",,,,,,,,,
1708,0," -71.0595677,42.3604823",,,,,,,,,
1709,0," -71.0595677,42.3604823",,,,,,,,,
1710,0," -71.0595677,42.3604823",,,,,,,,,
1711,0," -71.0595677,42.3604823",,,,,,,,,
1712,0," -71.0595677,42.3604823",,,,,,,,,
1713,0," -71.0595677,42.3604823",,,,,,,,,
1714,0," -71.0595677,42.3604823",,,,,,,,,
1715,0," -71.0595677,42.3604823",,,,,,,,,
1716,0," -71.0595677,42.3604823",,,,,,,,,
1717,0," -71.0595677,42.3604823",,,,,,,,,
1718,0," -71.0595677,42.3604823",,,,,,,,,
1719,0," -71.0595677,42.3604823",,,,,,,,,
1720,0," -71.0595677,42.3604823",,,,,,,,,
1721,0," -71.0595677,42.3604823",,,,,,,,,
1722,54.1," -71.0595677,42.3604823",,,,,,,,,
1723,0," -71.0669083684709,42.3213646206939",,,,,,,,,
1724,0," -71.0595677,42.3604823",,,,,,,,,
1725,0," -71.0595677,42.3604823",,,,,,,,,
1726,0," -71.0595677,42.3604823",,,,,,,,,
1727,0," -71.0595677,42.3604823",,,,,,,,,
1728,105.5," -71.0595677,42.3604823",,,,,,,,,
1729,0," -71.1061529791132,42.3423276241097",,,,,,,,,
1730,0," -71.0595677,42.3604823",,,,,,,,,
1731,0," -71.0595677,42.3604823",,,,,,,,,
1732,0," -71.0595677,42.3604823",,,,,,,,,
1733,0," -71.0595677,42.3604823",,,,,,,,,
1734,0," -71.0595677,42.3604823",,,,,,,,,
1735,0," -71.0595677,42.3604823",,,,,,,,,
1736,0," -71.0595677,42.3604823",,,,,,,,,
1737,0," -71.0595677,42.3604823",,,,,,,,,
1738,0," -71.0595677,42.3604823",,,,,,,,,
1739,0," -71.0595677,42.3604823",,,,,,,,,
1740,0," -71.0595677,42.3604823",,,,,,,,,
1741,0," -71.0595677,42.3604823",,,,,,,,,
1742,0," -71.0595677,42.3604823",,,,,,,,,
1743,0," -71.0595677,42.3604823",,,,,,,,,
1744,0," -71.0595677,42.3604823",,,,,,,,,
1745,0," -71.0595677,42.3604823",,,,,,,,,
1746,0," -71.0595677,42.3604823",,,,,,,,,
1747,0," -71.0595677,42.3604823",,,,,,,,,
1748,0," -71.0595677,42.3604823",,,,,,,,,
1749,0," -71.0595677,42.3604823",,,,,,,,,
1750,0," -71.0595677,42.3604823",,,,,,,,,
1751,0," -71.0595677,42.3604823",,,,,,,,,
1752,0," -71.0595677,42.3604823",,,,,,,,,
1753,0," -71.0595677,42.3604823",,,,,,,,,
1754,76.8," -71.0595677,42.3604823",,,,,,,,,
1755,0," -71.0867177105228,42.3410919673064",,,,,,,,,
1756,0," -71.0595677,42.3604823",,,,,,,,,
1757,0," -71.0595677,42.3604823",,,,,,,,,
1758,0," -71.0595677,42.3604823",,,,,,,,,
1759,0," -71.0595677,42.3604823",,,,,,,,,
1760,0," -71.0595677,42.3604823",,,,,,,,,
1761,65.3," -71.0595677,42.3604823",,,,,,,,,
1762,134," -71.0714259304446,42.34476005",,,,,,,,,
1763,58.4," -71.0926912,42.3469348",,,,,,,,,
1764,0," -71.156887637947,42.3570589329117",,,,,,,,,
1765,0," -71.156887637947,42.3570589329117",,,,,,,,,
1766,0," -71.156887637947,42.3570589329117",,,,,,,,,
1767,0," -71.156887637947,42.3570589329117",,,,,,,,,
1768,97.8," -71.156887637947,42.3570589329117",,,,,,,,,
1769,209.5," -71.156887637947,42.3570589329117",,,,,,,,,
1770,209.5," -71.103202016129,42.3371222741935",,,,,,,,,
1771,371.4," -71.103202016129,42.3371222741935",,,,,,,,,
1772,259," -71.105748106814,42.336139829089",,,,,,,,,
1773,0," -71.0609765982602,42.3620918948345",,,,,,,,,
1774,34.8," -71.0658937039853,42.3675898989457",,,,,,,,,
1775,42.1," -71.0650001890146,42.36154405",,,,,,,,,
1776,92.1," -71.056098,42.301203",,,,,,,,,
1777,190.45," -71.057799,42.353482",,,,,,,,,
1778,125.59," -71.0637344633915,42.3624716982423",,,,,,,,,
1779,0," -71.0637294389858,42.3625734970705",,,,,,,,,
1780,0," -71.0595677,42.3604823",,,,,,,,,
1781,0," -71.0595677,42.3604823",,,,,,,,,
1782,0," -71.0595677,42.3604823",,,,,,,,,
1783,7.2," -71.0595677,42.3604823",,,,,,,,,
1784,82.8," -71.093789,42.334668",,,,,,,,,
1785,45.2," -71.0747670083862,42.312989692374",,,,,,,,,
1786,225.1," -71.0766369,42.307077",,,,,,,,,
1787,0," -71.102621752216,42.350457187496",,,,,,,,,
1788,351.2," -71.1265261,42.3578102",,,,,,,,,
1789,25.8," -71.065669271063,42.3620714",,,,,,,,,
1790,526.3," -71.049646862069,42.3778640344828",,,,,,,,,
1791,203.3," -71.1253489194631,42.3663762583893",,,,,,,,,
1792,246.8," -71.0899759,42.28898",,,,,,,,,
1793,246.8," -71.0602524,42.3582926",,,,,,,,,
1794,0," -71.0602524,42.3582926",,,,,,,,,
1795,58.2," -71.072593,42.348139",,,,,,,,,
1796,82.4," -71.0661374615385,42.3766693846154",,,,,,,,,
1797,0," -71.0675984729504,42.3753259494503",,,,,,,,,
1798,0," -71.0595677,42.3604823",,,,,,,,,
1799,181.7," -71.0595677,42.3604823",,,,,,,,,
1800,0," -71.0517171217949,42.3588431282051",,,,,,,,,
1801,0," -71.0595677,42.3604823",,,,,,,,,
1802,435.2," -71.0595677,42.3604823",,,,,,,,,
1803,0," -71.0595677,42.3604823",,,,,,,,,
1804,0," -71.0595677,42.3604823",,,,,,,,,
1805,0," -71.0595677,42.3604823",,,,,,,,,
1806,0," -71.0595677,42.3604823",,,,,,,,,
1807,0," -71.0595677,42.3604823",,,,,,,,,
1808,0," -71.0595677,42.3604823",,,,,,,,,
1809,0," -71.0595677,42.3604823",,,,,,,,,
1810,0," -71.0595677,42.3604823",,,,,,,,,
1811,0," -71.0595677,42.3604823",,,,,,,,,
1812,0," -71.0595677,42.3604823",,,,,,,,,
1813,0," -71.0595677,42.3604823",,,,,,,,,
1814,0," -71.0595677,42.3604823",,,,,,,,,
1815,0," -71.0595677,42.3604823",,,,,,,,,
1816,0," -71.0595677,42.3604823",,,,,,,,,
1817,27.4," -71.0595677,42.3604823",,,,,,,,,
1818,9.1," -71.011265,42.302199",,,,,,,,,
